side,clamp,cut_primary,ratio_bucket,gap_bucket,exit_gap_bucket,depth_bucket,rank_bucket,keys,eval_mass,rescued_keys,rescued_mass,drawres_keys,drawres_mass,dead_keys,dead_mass,resbefore_keys,resbefore_mass
AND,0,0,0,0,5,0,0,278,1264639,21,36759,0,0,257,1227880,0,0
OR,0,0,0,0,5,0,0,112,470822,6,169158,0,0,106,301664,0,0
OR,1,0,0,5,5,0,0,1,7319,1,7319,0,0,0,0,0,0
AND,1,1,0,5,5,0,0,1,1415,0,0,0,0,1,1415,0,0
OR,1,0,4,5,5,0,0,1,1198,0,0,0,0,1,1198,0,0
AND,0,0,0,0,6,0,0,2,2164238,0,0,0,0,2,2164238,0,0
AND,1,1,0,4,1,1,0,1,511,0,0,0,0,1,511,0,0
AND,1,1,0,5,1,1,0,1,65,0,0,0,0,1,65,0,0
OR,1,1,4,5,1,1,0,1,626,0,0,0,0,1,626,0,0
AND,1,1,0,5,2,1,0,1,800,0,0,0,0,1,800,0,0
OR,1,1,0,4,4,1,0,1,577,0,0,0,0,1,577,0,0
AND,1,1,0,5,4,1,0,1,425,0,0,0,0,1,425,0,0
AND,0,0,0,0,5,1,0,7355,1264332,116,181704,0,0,7239,1082628,0,0
OR,0,0,0,0,5,1,0,835,460450,62,17287,0,0,772,443131,1,32
AND,1,0,0,0,5,1,0,26,625,0,0,0,0,26,625,0,0
OR,1,0,0,0,5,1,0,11,315,0,0,0,0,11,315,0,0
OR,1,1,0,2,5,1,0,1,1043,0,0,0,0,1,1043,0,0
OR,0,0,3,3,5,1,0,1,771,0,0,0,0,1,771,0,0
AND,1,0,0,5,5,1,0,1,3,1,3,0,0,0,0,0,0
OR,1,0,0,5,5,1,0,5,8312,0,0,0,0,5,8312,0,0
AND,1,1,0,5,5,1,0,7,5639,1,3,0,0,6,5636,0,0
OR,1,1,0,5,5,1,0,1,1561,0,0,0,0,1,1561,0,0
OR,0,0,1,5,5,1,0,1,28,0,0,0,0,1,28,0,0
OR,1,0,1,5,5,1,0,2,2929,0,0,0,0,2,2929,0,0
OR,1,0,4,5,5,1,0,8,7187,0,0,0,0,8,7187,0,0
OR,1,1,4,5,5,1,0,1,704,0,0,0,0,1,704,0,0
AND,1,0,5,5,5,1,0,6,132,2,16,0,0,4,116,0,0
OR,1,0,5,5,5,1,0,12,11265,0,0,0,0,12,11265,0,0
OR,1,1,0,1,0,2,0,1,24,0,0,0,0,1,24,0,0
OR,1,1,4,5,0,2,0,2,1814,0,0,0,0,2,1814,0,0
OR,1,1,0,4,1,2,0,6,3950,0,0,0,0,6,3950,0,0
AND,1,1,0,5,1,2,0,1,70,0,0,0,0,1,70,0,0
OR,1,1,0,4,2,2,0,3,2412,0,0,0,0,3,2412,0,0
OR,1,1,0,4,3,2,0,7,4356,0,0,0,0,7,4356,0,0
OR,1,1,0,4,4,2,0,3,1541,0,0,0,0,3,1541,0,0
AND,1,1,0,5,4,2,0,1,74,0,0,0,0,1,74,0,0
OR,1,1,2,5,4,2,0,2,6847,0,0,0,0,2,6847,0,0
AND,0,0,0,0,5,2,0,7315,450100,51,47775,0,0,7264,402325,0,0
OR,0,0,0,0,5,2,0,2144,346469,51,133878,0,0,2092,212550,1,41
AND,1,0,0,0,5,2,0,132,67460,2,1936,0,0,130,65524,0,0
OR,1,0,0,0,5,2,0,101,7016,1,2,0,0,100,7014,0,0
OR,1,0,0,3,5,2,0,1,1357,0,0,0,0,1,1357,0,0
OR,1,0,3,3,5,2,0,1,790,0,0,0,0,1,790,0,0
OR,1,1,0,4,5,2,0,2,862,0,0,0,0,2,862,0,0
OR,1,0,4,4,5,2,0,1,1994,1,1994,0,0,0,0,0,0
AND,1,0,0,5,5,2,0,3,2648,0,0,0,0,3,2648,0,0
AND,1,1,0,5,5,2,0,6,278,0,0,0,0,6,278,0,0
OR,1,1,0,5,5,2,0,7,5953,0,0,0,0,7,5953,0,0
OR,1,1,1,5,5,2,0,11,7478,0,0,0,0,11,7478,0,0
OR,1,1,2,5,5,2,0,14,24786,0,0,0,0,14,24786,0,0
OR,1,0,4,5,5,2,0,5,5388,0,0,0,0,5,5388,0,0
OR,0,0,5,5,5,2,0,1,1029,0,0,0,0,1,1029,0,0
AND,1,0,5,5,5,2,0,2,596,0,0,0,0,2,596,0,0
OR,1,0,5,5,5,2,0,2,28,0,0,0,0,2,28,0,0
OR,1,1,0,1,0,3,0,1,1592,0,0,0,0,1,1592,0,0
OR,1,1,1,5,0,3,0,1,526,0,0,0,0,1,526,0,0
OR,1,1,0,4,1,3,0,1,453,0,0,0,0,1,453,0,0
AND,1,1,0,5,1,3,0,1,42,0,0,0,0,1,42,0,0
OR,1,1,0,4,2,3,0,1,372,0,0,0,0,1,372,0,0
OR,1,1,1,5,2,3,0,2,1106,0,0,0,0,2,1106,0,0
OR,1,1,0,4,3,3,0,1,439,0,0,0,0,1,439,0,0
OR,1,1,0,3,4,3,0,1,271,0,0,0,0,1,271,0,0
OR,1,1,0,4,4,3,0,5,2089,0,0,0,0,5,2089,0,0
OR,1,1,1,5,4,3,0,2,1038,0,0,0,0,2,1038,0,0
AND,0,0,0,0,5,3,0,2246,112437,9,2068,0,0,2237,110369,0,0
OR,0,0,0,0,5,3,0,1434,96746,11,25221,0,0,1423,71525,0,0
AND,1,0,0,0,5,3,0,9,220,0,0,0,0,9,220,0,0
OR,1,0,0,0,5,3,0,54,9382,1,7473,0,0,53,1909,0,0
AND,1,1,0,5,5,3,0,3,1686,0,0,0,0,3,1686,0,0
OR,1,1,0,5,5,3,0,1,698,0,0,0,0,1,698,0,0
OR,1,0,3,5,5,3,0,4,3369,0,0,0,0,4,3369,0,0
OR,1,1,3,5,5,3,0,1,4846,0,0,0,0,1,4846,0,0
AND,0,0,0,0,5,4,0,932,43465,11,3540,0,0,921,39925,0,0
OR,0,0,0,0,5,4,0,29,17383,7,9407,0,0,22,7976,0,0
AND,1,0,0,0,5,4,0,5,131,0,0,0,0,5,131,0,0
OR,1,0,0,0,5,4,0,16,18783,6,17449,0,0,10,1334,0,0
OR,1,0,1,2,5,4,0,1,2161,1,2161,0,0,0,0,0,0
OR,1,1,2,2,5,4,0,1,672,0,0,0,0,1,672,0,0
OR,1,0,4,5,5,4,0,1,2049,0,0,0,0,1,2049,0,0
AND,1,0,5,5,5,4,0,2,4,0,0,0,0,2,4,0,0
OR,1,1,1,2,0,5,0,1,678,0,0,0,0,1,678,0,0
AND,0,0,0,0,5,5,0,96,1391,0,0,0,0,96,1391,0,0
OR,1,1,0,0,5,5,0,4,11219,0,0,0,0,4,11219,0,0
OR,1,1,2,2,5,5,0,1,688,0,0,0,0,1,688,0,0
AND,0,0,0,0,5,0,1,1,4,0,0,0,0,1,4,0,0
AND,0,0,0,0,5,1,1,2,141,0,0,0,0,2,141,0,0
OR,0,0,0,0,5,1,1,18,37,3,7,0,0,15,30,0,0
OR,1,1,0,5,5,1,1,1,1169,0,0,0,0,1,1169,0,0
OR,1,1,4,5,5,1,1,1,828,0,0,0,0,1,828,0,0
OR,1,1,0,4,1,2,1,2,2479,0,0,0,0,2,2479,0,0
OR,1,1,0,4,4,2,1,1,498,0,0,0,0,1,498,0,0
AND,0,0,0,0,5,2,1,2,87,0,0,0,0,2,87,0,0
OR,0,0,0,0,5,2,1,9,7397,0,0,0,0,9,7397,0,0
OR,1,0,0,0,5,2,1,1,97,0,0,0,0,1,97,0,0
OR,1,1,2,5,5,2,1,2,9712,0,0,0,0,2,9712,0,0
AND,0,0,0,0,5,3,1,1,15,0,0,0,0,1,15,0,0
OR,0,0,0,0,5,3,1,2,101,0,0,0,0,2,101,0,0
OR,1,1,0,5,4,0,2,1,2029,0,0,0,0,1,2029,0,0
AND,0,0,0,0,5,0,2,262,209197,4,133580,0,0,258,75617,0,0
OR,0,0,0,0,5,0,2,102,28159,1,50,0,0,101,28109,0,0
OR,0,0,2,4,5,0,2,1,1313,0,0,0,0,1,1313,0,0
AND,0,0,0,0,6,0,2,2,16897,0,0,0,0,2,16897,0,0
OR,1,1,0,4,0,1,2,1,31,0,0,0,0,1,31,0,0
OR,1,1,0,5,0,1,2,1,2564,0,0,0,0,1,2564,0,0
OR,1,1,4,5,0,1,2,1,6369,0,0,0,0,1,6369,0,0
OR,1,1,0,5,1,1,2,1,1167,0,0,0,0,1,1167,0,0
OR,1,1,0,5,4,1,2,1,1462,0,0,0,0,1,1462,0,0
OR,1,1,2,5,4,1,2,1,6522,0,0,0,0,1,6522,0,0
AND,0,0,0,0,5,1,2,7073,486984,21,27485,0,0,7052,459499,0,0
OR,0,0,0,0,5,1,2,889,205119,64,2601,0,0,825,202518,0,0
AND,1,0,0,0,5,1,2,1,38,0,0,0,0,1,38,0,0
OR,1,0,0,0,5,1,2,11,280,2,4,0,0,9,276,0,0
OR,0,0,3,3,5,1,2,4,2939,0,0,0,0,4,2939,0,0
OR,1,0,3,3,5,1,2,1,745,0,0,0,0,1,745,0,0
OR,0,0,4,3,5,1,2,1,645,1,645,0,0,0,0,0,0
OR,0,0,2,4,5,1,2,1,1172,0,0,0,0,1,1172,0,0
OR,0,0,3,4,5,1,2,1,764,0,0,0,0,1,764,0,0
AND,1,0,0,5,5,1,2,1,3216,0,0,0,0,1,3216,0,0
OR,1,0,0,5,5,1,2,1,1109,0,0,0,0,1,1109,0,0
AND,1,1,0,5,5,1,2,5,13872,0,0,0,0,5,13872,0,0
OR,1,1,0,5,5,1,2,1,1236,0,0,0,0,1,1236,0,0
OR,1,0,1,5,5,1,2,2,2248,0,0,0,0,2,2248,0,0
OR,1,0,4,5,5,1,2,4,4165,0,0,0,0,4,4165,0,0
AND,1,0,5,5,5,1,2,1,3050,0,0,0,0,1,3050,0,0
OR,1,0,5,5,5,1,2,19,19801,0,0,0,0,19,19801,0,0
OR,1,1,0,4,0,2,2,1,1110,0,0,0,0,1,1110,0,0
OR,1,1,0,5,0,2,2,1,911,0,0,0,0,1,911,0,0
OR,1,1,3,5,0,2,2,1,398,0,0,0,0,1,398,0,0
OR,1,1,4,5,0,2,2,1,1266,0,0,0,0,1,1266,0,0
OR,1,1,0,4,1,2,2,11,11533,0,0,0,0,11,11533,0,0
OR,1,1,0,4,2,2,2,2,909,0,0,0,0,2,909,0,0
AND,1,1,2,5,2,2,2,1,26,0,0,0,0,1,26,0,0
OR,1,1,0,4,3,2,2,2,1328,0,0,0,0,2,1328,0,0
OR,1,1,1,5,3,2,2,1,644,0,0,0,0,1,644,0,0
AND,1,1,0,4,4,2,2,1,418,0,0,0,0,1,418,0,0
OR,1,1,0,4,4,2,2,6,3988,0,0,0,0,6,3988,0,0
OR,1,1,0,5,4,2,2,2,1677,0,0,0,0,2,1677,0,0
OR,1,1,1,5,4,2,2,3,2740,0,0,0,0,3,2740,0,0
AND,0,0,0,0,5,2,2,2973,124713,1,29,0,0,2972,124684,0,0
OR,0,0,0,0,5,2,2,861,198156,6,14473,0,0,855,183683,0,0
AND,1,0,0,0,5,2,2,47,1049,0,0,0,0,47,1049,0,0
OR,1,0,0,0,5,2,2,73,6928,1,41,0,0,72,6887,0,0
OR,0,0,3,1,5,2,2,1,603,0,0,0,0,1,603,0,0
OR,0,0,3,3,5,2,2,1,5703,1,5703,0,0,0,0,0,0
OR,1,1,0,4,5,2,2,3,1406,0,0,0,0,3,1406,0,0
OR,1,0,3,4,5,2,2,1,679,0,0,0,0,1,679,0,0
AND,1,1,0,5,5,2,2,6,1845,0,0,0,0,6,1845,0,0
OR,1,1,0,5,5,2,2,6,7012,0,0,0,0,6,7012,0,0
OR,1,0,1,5,5,2,2,1,1167,0,0,0,0,1,1167,0,0
OR,1,1,1,5,5,2,2,7,4565,0,0,0,0,7,4565,0,0
OR,1,1,2,5,5,2,2,3,7374,0,0,0,0,3,7374,0,0
OR,1,0,3,5,5,2,2,1,915,0,0,0,0,1,915,0,0
OR,1,0,4,5,5,2,2,17,15244,0,0,0,0,17,15244,0,0
AND,1,0,5,5,5,2,2,4,591,1,47,0,0,3,544,0,0
OR,1,0,5,5,5,2,2,1,465,0,0,0,0,1,465,0,0
OR,1,1,4,5,0,3,2,1,755,0,0,0,0,1,755,0,0
OR,1,1,0,4,1,3,2,1,295,0,0,0,0,1,295,0,0
OR,1,1,1,5,1,3,2,1,398,0,0,0,0,1,398,0,0
OR,1,1,3,5,1,3,2,1,7193,1,7193,0,0,0,0,0,0
OR,1,1,4,5,1,3,2,1,719,0,0,0,0,1,719,0,0
OR,1,1,0,4,2,3,2,11,5862,0,0,0,0,11,5862,0,0
OR,1,1,1,5,3,3,2,1,486,0,0,0,0,1,486,0,0
OR,1,1,0,3,4,3,2,1,367,0,0,0,0,1,367,0,0
OR,1,1,0,4,4,3,2,15,8463,0,0,0,0,15,8463,0,0
AND,0,0,0,0,5,3,2,685,19025,0,0,0,0,685,19025,0,0
OR,0,0,0,0,5,3,2,267,28526,10,4198,0,0,257,24328,0,0
AND,1,0,0,0,5,3,2,3,66,0,0,0,0,3,66,0,0
OR,1,0,0,0,5,3,2,17,2385,2,1781,0,0,15,604,0,0
OR,1,0,4,3,5,3,2,1,481,0,0,0,0,1,481,0,0
OR,1,1,0,4,5,3,2,6,2081,0,0,0,0,6,2081,0,0
AND,0,0,0,5,5,3,2,1,481,0,0,0,0,1,481,0,0
OR,1,1,1,5,5,3,2,1,1235,0,0,0,0,1,1235,0,0
OR,1,0,4,5,5,3,2,1,609,0,0,0,0,1,609,0,0
OR,1,1,4,5,5,3,2,2,1186,0,0,0,0,2,1186,0,0
AND,1,0,5,5,5,3,2,2,10,0,0,0,0,2,10,0,0
OR,1,1,0,1,0,4,2,1,714,1,714,0,0,0,0,0,0
AND,0,0,0,0,5,4,2,140,3356,1,4,0,0,139,3352,0,0
OR,0,0,0,0,5,4,2,14,6158,8,407,0,0,6,5751,0,0
AND,1,0,0,0,5,4,2,1,24,0,0,0,0,1,24,0,0
OR,1,0,0,0,5,4,2,19,26371,8,21784,0,0,11,4587,0,0
OR,1,0,2,2,5,4,2,1,970,0,0,0,0,1,970,0,0
OR,1,1,1,4,5,4,2,1,2764,0,0,0,0,1,2764,0,0
AND,0,0,0,5,5,4,2,1,1372,0,0,0,0,1,1372,0,0
OR,1,1,0,5,5,4,2,1,1530,0,0,0,0,1,1530,0,0
OR,1,0,4,5,5,4,2,3,6038,0,0,0,0,3,6038,0,0
OR,1,1,4,5,5,4,2,3,2310,0,0,0,0,3,2310,0,0
OR,1,0,5,5,5,4,2,4,8227,2,5074,0,0,2,3153,0,0
AND,0,0,0,0,5,5,2,29,262,0,0,0,0,29,262,0,0
OR,1,0,0,0,5,5,2,3,123,1,44,0,0,2,79,0,0
OR,1,1,2,2,5,5,2,1,673,0,0,0,0,1,673,0,0
OR,1,1,4,5,5,5,2,2,1511,0,0,0,0,2,1511,0,0
AND,0,0,0,0,5,0,3,90,25181,1,1882,0,0,89,23299,0,0
AND,0,0,0,0,6,0,3,1,4479,0,0,0,0,1,4479,0,0
AND,0,0,0,0,5,1,3,2890,621886,4,262454,0,0,2886,359432,0,0
AND,1,0,0,0,5,1,3,45,939,0,0,0,0,45,939,0,0
AND,1,1,0,5,5,1,3,3,1585,0,0,0,0,3,1585,0,0
AND,1,0,6,6,5,1,3,1,548,0,0,0,0,1,548,0,0
AND,1,1,6,6,5,1,3,9,10864,1,10636,0,0,8,228,0,0
OR,1,1,6,6,5,1,3,1,40,0,0,0,0,1,40,0,0
AND,1,1,4,5,1,2,3,1,366,0,0,0,0,1,366,0,0
AND,1,1,6,6,1,2,3,2,7482,1,7481,0,0,1,1,0,0
AND,1,1,6,6,3,2,3,1,974,0,0,0,0,1,974,0,0
AND,1,1,6,6,4,2,3,1,83318,0,0,0,0,1,83318,0,0
AND,0,0,0,0,5,2,3,2953,229784,21,42950,0,0,2932,186834,0,0
AND,1,0,0,0,5,2,3,145,3696,0,0,0,0,145,3696,0,0
AND,1,0,0,5,5,2,3,1,824,0,0,0,0,1,824,0,0
AND,1,0,6,6,5,2,3,5,3647,0,0,0,0,5,3647,0,0
AND,1,1,6,6,5,2,3,37,22956,8,18555,0,0,29,4401,0,0
OR,1,1,6,6,5,2,3,1,881,0,0,0,0,1,881,0,0
AND,0,0,0,0,5,3,3,1864,97023,0,0,0,0,1864,97023,0,0
AND,1,0,0,0,5,3,3,7,201,0,0,0,0,7,201,0,0
AND,1,0,6,6,5,3,3,1,7203,1,7203,0,0,0,0,0,0
AND,1,1,6,6,5,3,3,10,12945,5,11876,0,0,5,1069,0,0
OR,1,1,6,6,5,3,3,8,233,0,0,0,0,8,233,0,0
AND,0,0,0,0,5,4,3,1528,32427,0,0,0,0,1528,32427,0,0
AND,1,0,0,0,5,4,3,11,284,0,0,0,0,11,284,0,0
AND,1,0,6,6,5,4,3,6,1595,0,0,0,0,6,1595,0,0
AND,1,1,6,6,5,4,3,6,13206,6,13206,0,0,0,0,0,0
AND,0,0,0,0,5,5,3,374,5135,0,0,0,0,374,5135,0,0
AND,1,0,6,6,5,5,3,10,18729,0,0,0,0,10,18729,0,0
AND,0,0,0,0,5,0,5,1898,2049044,54,412261,0,0,1844,1636783,0,0
OR,0,0,0,0,5,0,5,1068,2868151,44,465185,0,0,1024,2402966,0,0
AND,0,0,0,0,6,0,5,35,862438,4,211489,0,0,31,650949,0,0
AND,1,1,4,5,0,1,5,1,2532,0,0,0,0,1,2532,0,0
AND,1,1,0,5,4,1,5,2,555,0,0,0,0,2,555,0,0
OR,1,1,0,5,4,1,5,1,1118,0,0,0,0,1,1118,0,0
AND,1,1,1,5,4,1,5,1,379,0,0,0,0,1,379,0,0
AND,0,0,0,0,5,1,5,28417,3565039,465,105989,0,0,27952,3459050,0,0
OR,0,0,0,0,5,1,5,6487,5277232,523,980318,0,0,5964,4296914,0,0
AND,1,0,0,0,5,1,5,14,495,1,3,0,0,13,492,0,0
OR,1,0,0,0,5,1,5,118,8375,2,4980,0,0,116,3395,0,0
OR,1,0,0,1,5,1,5,1,891,0,0,0,0,1,891,0,0
OR,0,0,1,2,5,1,5,1,706,0,0,0,0,1,706,0,0
OR,1,0,3,3,5,1,5,1,831,0,0,0,0,1,831,0,0
OR,0,0,3,4,5,1,5,1,10417,1,10417,0,0,0,0,0,0
AND,1,1,0,5,5,1,5,18,3083,0,0,0,0,18,3083,0,0
OR,1,0,4,5,5,1,5,3,2453,1,815,0,0,2,1638,0,0
OR,0,0,5,5,5,1,5,1,29,0,0,0,0,1,29,0,0
OR,1,0,5,5,5,1,5,1,1159,0,0,0,0,1,1159,0,0
OR,1,1,0,4,0,2,5,1,400,0,0,0,0,1,400,0,0
AND,1,1,0,5,1,2,5,1,96,0,0,0,0,1,96,0,0
OR,1,1,0,5,1,2,5,2,2212,0,0,0,0,2,2212,0,0
OR,1,1,0,4,3,2,5,3,1975,0,0,0,0,3,1975,0,0
OR,1,1,0,4,4,2,5,1,615,0,0,0,0,1,615,0,0
OR,1,1,0,5,4,2,5,2,1171,0,0,0,0,2,1171,0,0
AND,0,0,0,0,5,2,5,16038,1018593,191,109942,0,0,15847,908651,0,0
OR,0,0,0,0,5,2,5,13208,1866808,271,253905,0,0,12934,1612794,3,109
AND,1,0,0,0,5,2,5,313,12023,2,6,0,0,311,12017,0,0
OR,1,0,0,0,5,2,5,656,45416,4,12645,0,0,652,32771,0,0
OR,0,0,3,1,5,2,5,2,1800,0,0,0,0,2,1800,0,0
OR,0,0,1,2,5,2,5,2,2576,0,0,0,0,2,2576,0,0
OR,0,0,3,3,5,2,5,1,1195,0,0,0,0,1,1195,0,0
AND,1,1,0,4,5,2,5,3,276,0,0,0,0,3,276,0,0
OR,1,1,0,4,5,2,5,3,2554,0,0,0,0,3,2554,0,0
OR,1,0,0,5,5,2,5,1,25,0,0,0,0,1,25,0,0
AND,1,1,0,5,5,2,5,27,4396,0,0,0,0,27,4396,0,0
OR,1,1,0,5,5,2,5,12,7536,0,0,0,0,12,7536,0,0
OR,1,1,2,5,5,2,5,2,1842,0,0,0,0,2,1842,0,0
OR,1,0,4,5,5,2,5,4,3884,0,0,0,0,4,3884,0,0
OR,1,1,4,5,5,2,5,1,546,0,0,0,0,1,546,0,0
OR,1,1,0,3,0,3,5,1,704,0,0,0,0,1,704,0,0
OR,1,1,0,4,1,3,5,1,253,0,0,0,0,1,253,0,0
OR,1,1,0,3,3,3,5,1,380,0,0,0,0,1,380,0,0
OR,1,1,0,3,4,3,5,2,1090,0,0,0,0,2,1090,0,0
OR,1,1,0,4,4,3,5,3,1237,0,0,0,0,3,1237,0,0
AND,0,0,0,0,5,3,5,2907,186088,36,56882,0,0,2871,129206,0,0
OR,0,0,0,0,5,3,5,3349,350682,36,53617,0,0,3313,297065,0,0
AND,1,0,0,0,5,3,5,76,1543,0,0,0,0,76,1543,0,0
OR,1,0,0,0,5,3,5,259,27441,4,16944,0,0,255,10497,0,0
OR,1,0,2,2,5,3,5,1,2812,1,2812,0,0,0,0,0,0
OR,0,0,3,3,5,3,5,1,3311,0,0,0,0,1,3311,0,0
OR,1,0,3,4,5,3,5,1,904,0,0,0,0,1,904,0,0
OR,1,0,4,4,5,3,5,2,960,0,0,0,0,2,960,0,0
AND,1,1,0,5,5,3,5,7,540,0,0,0,0,7,540,0,0
OR,1,1,0,5,5,3,5,1,1019,0,0,0,0,1,1019,0,0
OR,1,1,1,5,5,3,5,3,1389,0,0,0,0,3,1389,0,0
OR,1,0,4,5,5,3,5,12,4798,0,0,0,0,12,4798,0,0
OR,1,1,4,5,5,3,5,2,659,0,0,0,0,2,659,0,0
AND,1,0,5,5,5,3,5,3,49,0,0,0,0,3,49,0,0
OR,1,0,5,5,5,3,5,2,729,0,0,0,0,2,729,0,0
AND,0,0,0,0,5,4,5,399,53938,13,11453,0,0,386,42485,0,0
OR,0,0,0,0,5,4,5,65,37708,14,7275,0,0,51,30433,0,0
AND,1,0,0,0,5,4,5,13,378,0,0,0,0,13,378,0,0
OR,1,0,0,0,5,4,5,52,14821,9,7359,0,0,43,7462,0,0
OR,1,1,2,2,5,4,5,1,588,0,0,0,0,1,588,0,0
OR,1,0,4,4,5,4,5,2,1684,0,0,0,0,2,1684,0,0
AND,0,0,0,0,5,5,5,6,15,0,0,0,0,6,15,0,0
OR,0,0,0,0,5,5,5,4,680,0,0,0,0,4,680,0,0
OR,1,0,0,0,5,5,5,3,120,0,0,0,0,3,120,0,0
OR,1,1,0,0,5,5,5,1,3940,0,0,0,0,1,3940,0,0
OR,1,0,4,4,5,5,5,1,630,0,0,0,0,1,630,0,0
AND,0,0,0,0,5,0,7,73,2188,0,0,0,0,73,2188,0,0
AND,0,0,0,0,5,1,7,1624,46016,0,0,0,0,1624,46016,0,0
AND,1,0,0,0,5,1,7,1,23,0,0,0,0,1,23,0,0
AND,0,0,0,0,5,2,7,1124,31460,0,0,0,0,1124,31460,0,0
AND,1,0,0,0,5,2,7,2,49,0,0,0,0,2,49,0,0
AND,1,0,4,5,5,2,7,1,473,0,0,0,0,1,473,0,0
AND,0,0,0,0,5,3,7,41,545,0,0,0,0,41,545,0,0
AND,0,0,0,0,5,4,7,4,105,0,0,0,0,4,105,0,0
