path,untouched,historical_work,r1_evals,r2_evals,r3_evals,r4_evals,sweep_total,resolving_rung,outcome,merged_status
a2a3 a7a5,False,28000057,8000022,32000003,128000005,,168000030,,,Open
a2a3 a7a6,False,28000090,8000006,32000020,128000006,,168000032,,,Open
a2a3 b7b5,False,4000012,8000019,32000031,128000033,,168000083,,,Open
a2a3 b7b6,False,12000044,8000009,32000009,128000020,,168000038,,,Open
a2a3 b8a6,True,0,8000016,32000012,128000020,,168000048,,,Open
a2a3 b8c6,True,0,8000003,32000031,128000022,,168000056,,,Open
a2a3 b8d7,True,0,8000025,32000003,128000009,,168000037,,,Open
a2a3 c7c5,True,0,8000022,32000024,128000004,,168000050,,,Open
a2a3 c7c6,True,0,8000002,32000000,128000006,,168000008,,,Open
a2a3 c8d7,True,0,8000023,32000024,128000001,,168000048,,,Open
a2a3 c8e6,True,0,8000009,32000017,128000022,,168000048,,,Open
a2a3 c8f5,True,0,8000016,32000037,128000023,,168000076,,,Open
a2a3 c8g4,True,0,8000011,32000014,128000027,,168000052,,,Open
a2a3 c8h3,True,0,8000019,32000007,128000000,,168000026,,,Open
a2a3 d8d6,True,0,8000000,32000016,128000018,,168000034,,,Open
a2a3 d8d7,True,0,8000027,32000029,128000006,,168000062,,,Open
a2a3 e7e5,True,0,8000029,32000023,128000010,,168000062,,,Open
a2a3 e7e6,True,0,8000016,32000002,128000014,,168000032,,,Open
a2a3 e8d7,True,0,8000024,32000000,128000019,,168000043,,,Open
a2a3 f7f5,True,0,8000029,32000037,128000026,,168000092,,,Open
a2a3 f7f6,True,0,8000029,32000008,128000004,,168000041,,,Open
a2a3 g7g5,True,0,8000019,32000014,128000026,,168000059,,,Open
a2a3 g7g6,True,0,8000021,32000030,128000018,,168000069,,,Open
a2a3 g8f6,True,0,8000004,32000000,128000000,,168000004,,,Open
a2a3 g8h6,True,0,8000022,32000016,128000004,,168000042,,,Open
a2a3 h7h5,True,0,8000003,32000009,128000011,,168000023,,,Open
a2a3 h7h6,True,0,8000000,32000007,128000006,,168000013,,,Open
a2a4 a7a5,False,4000004,8000017,32000008,128000004,,168000029,,,Open
a2a4 a7a6,False,12000027,8000030,32000018,128000003,,168000051,,,Open
a2a4 b7b5,False,4000015,8000008,32000021,128000015,,168000044,,,Open
a2a4 b7b6,False,4000028,8000030,32000025,128000017,,168000072,,,Open
a2a4 b8a6,True,0,8000000,32000007,128000014,,168000021,,,Open
a2a4 b8c6,True,0,8000027,32000015,128000024,,168000066,,,Open
a2a4 b8d7,True,0,8000010,32000025,128000025,,168000060,,,Open
a2a4 c7c5,True,0,8000001,32000019,128000005,,168000025,,,Open
a2a4 c7c6,True,0,8000002,32000012,128000005,,168000019,,,Open
a2a4 c8d7,True,0,8000000,32000001,128000012,,168000013,,,Open
a2a4 c8e6,True,0,8000003,32000009,128000015,,168000027,,,Open
a2a4 c8f5,True,0,8000009,32000013,128000001,,168000023,,,Open
a2a4 c8g4,True,0,8000012,32000006,128000023,,168000041,,,Open
a2a4 c8h3,True,0,8000005,32000017,128000026,,168000048,,,Open
a2a4 d8d6,True,0,8000026,32000027,128000017,,168000070,,,Open
a2a4 d8d7,True,0,8000015,32000019,128000015,,168000049,,,Open
a2a4 e7e5,True,0,8000011,32000002,128000000,,168000013,,,Open
a2a4 e7e6,True,0,8000030,32000005,128000017,,168000052,,,Open
a2a4 e8d7,True,0,8000024,32000011,128000021,,168000056,,,Open
a2a4 f7f5,True,0,8000004,32000004,128000031,,168000039,,,Open
a2a4 f7f6,True,0,8000022,32000004,128000016,,168000042,,,Open
a2a4 g7g5,True,0,8000022,32000017,128000009,,168000048,,,Open
a2a4 g7g6,True,0,8000017,32000006,128000010,,168000033,,,Open
a2a4 g8f6,True,0,8000026,32000001,128000018,,168000045,,,Open
a2a4 g8h6,True,0,8000013,32000009,128000014,,168000036,,,Open
a2a4 h7h5,True,0,8000019,32000000,128000006,,168000025,,,Open
a2a4 h7h6,True,0,8000016,32000025,128000003,,168000044,,,Open
b1a3 a7a5,False,12000022,8000024,32000011,128000028,,168000063,,,Open
b1a3 a7a6,False,20000050,8000001,32000014,128000019,,168000034,,,Open
b1a3 b7b5,False,4000013,8000001,32000014,128000003,,168000018,,,Open
b1a3 b7b6,False,12000027,8000011,32000015,128000010,,168000036,,,Open
b1a3 b8a6,True,0,8000026,32000014,128000024,,168000064,,,Open
b1a3 b8c6,True,0,8000000,32000002,128000027,,168000029,,,Open
b1a3 b8d7,True,0,8000018,32000010,128000000,,168000028,,,Open
b1a3 c7c5,True,0,8000006,32000017,128000021,,168000044,,,Open
b1a3 c7c6,True,0,8000018,32000032,128000000,,168000050,,,Open
b1a3 c8d7,True,0,8000000,32000020,128000028,,168000048,,,Open
b1a3 c8e6,True,0,8000015,32000023,128000022,,168000060,,,Open
b1a3 c8f5,True,0,8000017,32000000,128000021,,168000038,,,Open
b1a3 c8g4,True,0,8000013,32000011,128000002,,168000026,,,Open
b1a3 c8h3,True,0,8000007,32000024,128000028,,168000059,,,Open
b1a3 d8d6,True,0,8000021,32000018,128000019,,168000058,,,Open
b1a3 d8d7,True,0,8000005,32000013,128000026,,168000044,,,Open
b1a3 e7e5,True,0,8000038,32000013,128000036,,168000087,,,Open
b1a3 e7e6,True,0,8000008,32000014,128000000,,168000022,,,Open
b1a3 e8d7,True,0,8000010,32000023,60174090,,100174123,R3,win,Won
b1a3 f7f5,True,0,8000000,32000023,128000016,,168000039,,,Open
b1a3 f7f6,True,0,8000013,32000017,128000011,,168000041,,,Open
b1a3 g7g5,True,0,8000004,32000000,128000013,,168000017,,,Open
b1a3 g7g6,True,0,8000018,32000019,128000002,,168000039,,,Open
b1a3 g8f6,True,0,8000019,32000013,128000009,,168000041,,,Open
b1a3 g8h6,True,0,8000003,32000005,128000010,,168000018,,,Open
b1a3 h7h5,True,0,8000002,32000015,128000005,,168000022,,,Open
b1a3 h7h6,True,0,8000001,32000004,128000015,,168000020,,,Open
b1c3 a7a5,False,12000012,8000012,32000017,128000017,,168000046,,,Open
b1c3 a7a6,False,20000048,8000020,32000020,128000011,,168000051,,,Open
b1c3 b7b5,False,12000032,8000020,32000012,128000006,,168000038,,,Open
b1c3 b7b6,False,12000027,8000004,32000006,128000015,,168000025,,,Open
b1c3 b8a6,True,0,8000015,32000003,128000001,,168000019,,,Open
b1c3 b8c6,True,0,8000009,32000025,128000005,,168000039,,,Open
b1c3 b8d7,True,0,8000032,32000005,128000008,,168000045,,,Open
b1c3 c7c5,True,0,8000008,32000013,128000004,,168000025,,,Open
b1c3 c7c6,True,0,8000019,32000027,128000019,,168000065,,,Open
b1c3 c8d7,True,0,8000020,32000009,128000004,,168000033,,,Open
b1c3 c8e6,True,0,8000007,32000023,128000025,,168000055,,,Open
b1c3 c8f5,True,0,8000001,32000022,128000032,,168000055,,,Open
b1c3 c8g4,True,0,8000019,32000017,128000011,,168000047,,,Open
b1c3 c8h3,True,0,8000021,32000022,128000005,,168000048,,,Open
b1c3 d8d6,True,0,8000017,32000005,128000019,,168000041,,,Open
b1c3 d8d7,True,0,8000023,32000011,128000022,,168000056,,,Open
b1c3 e7e5,True,0,8000003,32000028,128000006,,168000037,,,Open
b1c3 e7e6,True,0,8000001,32000016,128000011,,168000028,,,Open
b1c3 e8d7,True,0,8000007,32000018,128000000,,168000025,,,Open
b1c3 f7f5,True,0,8000015,32000013,128000012,,168000040,,,Open
b1c3 f7f6,True,0,8000016,32000024,128000024,,168000064,,,Open
b1c3 g7g5,True,0,8000015,32000025,128000000,,168000040,,,Open
b1c3 g7g6,True,0,8000016,32000008,128000020,,168000044,,,Open
b1c3 g8f6,True,0,8000022,32000018,128000019,,168000059,,,Open
b1c3 g8h6,True,0,8000023,32000001,128000007,,168000031,,,Open
b1c3 h7h5,True,0,8000014,32000019,128000014,,168000047,,,Open
b1c3 h7h6,True,0,8000003,32000010,128000032,,168000045,,,Open
b1d2 a7a5,False,4000027,8000000,32000026,128000008,,168000034,,,Open
b1d2 a7a6,False,12000026,8000011,32000000,128000023,,168000034,,,Open
b1d2 b7b5,False,4000027,8000016,32000018,128000000,,168000034,,,Open
b1d2 b7b6,False,4000012,8000010,32000010,128000008,,168000028,,,Open
b1d2 b8a6,True,0,8000008,32000009,128000001,,168000018,,,Open
b1d2 b8c6,True,0,8000027,32000015,128000013,,168000055,,,Open
b1d2 b8d7,True,0,8000002,32000025,128000023,,168000050,,,Open
b1d2 c7c5,True,0,8000005,32000023,128000022,,168000050,,,Open
b1d2 c7c6,True,0,8000016,32000011,128000004,,168000031,,,Open
b1d2 c8d7,True,0,8000002,32000021,128000009,,168000032,,,Open
b1d2 c8e6,True,0,8000007,32000027,128000008,,168000042,,,Open
b1d2 c8f5,True,0,8000017,32000006,128000001,,168000024,,,Open
b1d2 c8g4,True,0,8000000,32000016,128000014,,168000030,,,Open
b1d2 c8h3,True,0,8000001,32000006,128000004,,168000011,,,Open
b1d2 d8d6,True,0,8000011,32000020,128000011,,168000042,,,Open
b1d2 d8d7,True,0,8000016,32000015,128000034,,168000065,,,Open
b1d2 e7e5,True,0,8000012,32000007,128000011,,168000030,,,Open
b1d2 e7e6,True,0,8000007,32000013,128000000,,168000020,,,Open
b1d2 e8d7,True,0,8000000,22989099,,,30989099,R2,win,Won
b1d2 f7f5,True,0,8000017,32000000,128000000,,168000017,,,Open
b1d2 f7f6,True,0,8000014,32000019,128000008,,168000041,,,Open
b1d2 g7g5,True,0,8000000,32000006,128000021,,168000027,,,Open
b1d2 g7g6,True,0,8000008,32000025,128000026,,168000059,,,Open
b1d2 g8f6,True,0,8000000,32000013,128000011,,168000024,,,Open
b1d2 g8h6,True,0,8000012,32000015,128000004,,168000031,,,Open
b1d2 h7h5,True,0,8000013,32000020,128000021,,168000054,,,Open
b1d2 h7h6,True,0,8000000,32000019,128000004,,168000023,,,Open
b2b3 a7a5,False,12000047,8000027,32000000,128000011,,168000038,,,Open
b2b3 a7a6,False,20000059,8000000,32000005,128000031,,168000036,,,Open
b2b3 b7b5,False,12000018,8000009,32000000,128000014,,168000023,,,Open
b2b3 b7b6,False,20000049,8000001,32000034,128000005,,168000040,,,Open
b2b3 b8a6,True,0,8000016,32000020,128000000,,168000036,,,Open
b2b3 b8c6,True,0,8000035,32000031,128000013,,168000079,,,Open
b2b3 b8d7,True,0,8000002,32000011,128000006,,168000019,,,Open
b2b3 c7c5,True,0,8000001,32000023,128000010,,168000034,,,Open
b2b3 c7c6,True,0,8000002,32000022,128000021,,168000045,,,Open
b2b3 c8d7,True,0,4993,,,,4993,R1,win,Won
b2b3 c8e6,True,0,8000031,32000015,128000025,,168000071,,,Open
b2b3 c8f5,True,0,8000014,32000039,128000033,,168000086,,,Open
b2b3 c8g4,True,0,8000025,32000018,128000007,,168000050,,,Open
b2b3 c8h3,True,0,8000000,32000032,128000005,,168000037,,,Open
b2b3 d8d6,True,0,8000032,32000004,128000027,,168000063,,,Open
b2b3 d8d7,True,0,8000013,32000010,128000022,,168000045,,,Open
b2b3 e7e5,True,0,8000002,32000026,128000018,,168000046,,,Open
b2b3 e7e6,True,0,8000018,32000010,128000018,,168000046,,,Open
b2b3 e8d7,True,0,316016,,,,316016,R1,win,Won
b2b3 f7f5,True,0,8000030,32000012,128000023,,168000065,,,Open
b2b3 f7f6,True,0,8000025,32000023,128000027,,168000075,,,Open
b2b3 g7g5,True,0,8000023,32000024,128000034,,168000081,,,Open
b2b3 g7g6,True,0,8000022,32000010,128000020,,168000052,,,Open
b2b3 g8f6,True,0,8000013,32000017,128000027,,168000057,,,Open
b2b3 g8h6,True,0,8000008,32000031,128000003,,168000042,,,Open
b2b3 h7h5,True,0,8000009,32000013,128000004,,168000026,,,Open
b2b3 h7h6,True,0,8000000,32000018,128000028,,168000046,,,Open
b2b4 a7a5,False,12000019,8000001,32000002,128000001,,168000004,,,Open
b2b4 a7a6,False,20000027,8000008,32000010,128000029,,168000047,,,Open
b2b4 b7b5,False,12000006,8000022,32000030,128000032,,168000084,,,Open
b2b4 b7b6,False,12000023,8000026,32000005,128000000,,168000031,,,Open
b2b4 b8a6,True,0,8000000,32000031,128000025,,168000056,,,Open
b2b4 b8c6,True,0,8000001,32000012,128000007,,168000020,,,Open
b2b4 b8d7,True,0,8000015,32000017,128000028,,168000060,,,Open
b2b4 c7c5,True,0,8000007,32000013,128000028,,168000048,,,Open
b2b4 c7c6,True,0,8000026,32000003,128000006,,168000035,,,Open
b2b4 c8d7,True,0,8000024,32000006,128000012,,168000042,,,Open
b2b4 c8e6,True,0,8000018,32000015,128000042,,168000075,,,Open
b2b4 c8f5,True,0,8000020,32000016,128000017,,168000053,,,Open
b2b4 c8g4,True,0,8000008,32000017,128000002,,168000027,,,Open
b2b4 c8h3,True,0,8000008,32000018,128000006,,168000032,,,Open
b2b4 d8d6,True,0,8000028,32000010,128000002,,168000040,,,Open
b2b4 d8d7,True,0,8000026,32000022,128000009,,168000057,,,Open
b2b4 e7e5,True,0,8000004,32000015,128000008,,168000027,,,Open
b2b4 e7e6,True,0,8000007,32000005,128000005,,168000017,,,Open
b2b4 e8d7,True,0,8000000,32000012,128000001,,168000013,,,Open
b2b4 f7f5,True,0,8000021,32000026,128000015,,168000062,,,Open
b2b4 f7f6,True,0,8000000,32000028,128000007,,168000035,,,Open
b2b4 g7g5,True,0,8000015,32000007,128000008,,168000030,,,Open
b2b4 g7g6,True,0,8000015,32000018,128000019,,168000052,,,Open
b2b4 g8f6,True,0,8000009,32000008,128000016,,168000033,,,Open
b2b4 g8h6,True,0,8000003,32000017,128000023,,168000043,,,Open
b2b4 h7h5,True,0,8000013,32000018,128000014,,168000045,,,Open
b2b4 h7h6,True,0,8000000,32000027,128000024,,168000051,,,Open
c1d2 a7a5,False,12000026,8000014,32000004,128000024,,168000042,,,Open
c1d2 a7a6,False,28000011,8000027,32000013,128000021,,168000061,,,Open
c1d2 b7b5,False,20000044,8000010,32000013,128000026,,168000049,,,Open
c1d2 b7b6,False,20000046,8000008,32000039,128000002,,168000049,,,Open
c1d2 b8a6,True,0,8000020,32000018,128000022,,168000060,,,Open
c1d2 b8c6,True,0,8000015,32000033,128000018,,168000066,,,Open
c1d2 b8d7,True,0,8000031,32000000,128000027,,168000058,,,Open
c1d2 c7c5,True,0,8000022,32000012,128000029,,168000063,,,Open
c1d2 c7c6,True,0,8000000,32000009,128000002,,168000011,,,Open
c1d2 c8d7,True,0,8000012,32000008,128000000,,168000020,,,Open
c1d2 c8e6,True,0,8000031,32000000,128000003,,168000034,,,Open
c1d2 c8f5,True,0,8000010,32000006,128000000,,168000016,,,Open
c1d2 c8g4,True,0,8000011,32000024,128000018,,168000053,,,Open
c1d2 c8h3,True,0,8000010,32000018,128000000,,168000028,,,Open
c1d2 d8d6,True,0,8000024,32000003,128000001,,168000028,,,Open
c1d2 d8d7,True,0,8000000,32000024,128000024,,168000048,,,Open
c1d2 e7e5,True,0,8000000,32000011,128000020,,168000031,,,Open
c1d2 e7e6,True,0,8000008,32000015,128000011,,168000034,,,Open
c1d2 e8d7,True,0,8000022,32000003,128000000,,168000025,,,Open
c1d2 f7f5,True,0,8000028,32000012,128000001,,168000041,,,Open
c1d2 f7f6,True,0,8000027,32000005,128000022,,168000054,,,Open
c1d2 g7g5,True,0,8000012,32000014,128000011,,168000037,,,Open
c1d2 g7g6,True,0,8000029,32000022,128000015,,168000066,,,Open
c1d2 g8f6,True,0,8000014,32000021,128000001,,168000036,,,Open
c1d2 g8h6,True,0,8000012,32000005,128000003,,168000020,,,Open
c1d2 h7h5,True,0,8000017,32000005,128000025,,168000047,,,Open
c1d2 h7h6,True,0,8000004,32000004,128000005,,168000013,,,Open
c1e3 a7a5,False,4000017,8000015,32000006,128000000,,168000021,,,Open
c1e3 a7a6,False,12000003,8000028,32000019,128000016,,168000063,,,Open
c1e3 b7b5,False,4000002,8000027,32000024,128000011,,168000062,,,Open
c1e3 b7b6,False,4000041,8000005,32000005,128000000,,168000010,,,Open
c1e3 b8a6,True,0,8000028,32000005,128000011,,168000044,,,Open
c1e3 b8c6,True,0,8000010,32000006,128000013,,168000029,,,Open
c1e3 b8d7,True,0,8000005,32000014,128000017,,168000036,,,Open
c1e3 c7c5,True,0,8000020,32000023,128000013,,168000056,,,Open
c1e3 c7c6,True,0,8000024,32000011,128000007,,168000042,,,Open
c1e3 c8d7,True,0,8000020,32000014,128000024,,168000058,,,Open
c1e3 c8e6,True,0,8000010,32000001,128000015,,168000026,,,Open
c1e3 c8f5,True,0,8000032,32000027,128000023,,168000082,,,Open
c1e3 c8g4,True,0,8000029,32000000,128000019,,168000048,,,Open
c1e3 c8h3,True,0,8000016,32000016,128000002,,168000034,,,Open
c1e3 d8d6,True,0,8000012,32000001,128000024,,168000037,,,Open
c1e3 d8d7,True,0,8000022,32000020,128000010,,168000052,,,Open
c1e3 e7e5,True,0,8000011,32000003,128000002,,168000016,,,Open
c1e3 e7e6,True,0,8000017,32000009,128000002,,168000028,,,Open
c1e3 e8d7,True,0,8000017,32000009,128000025,,168000051,,,Open
c1e3 f7f5,True,0,8000019,32000004,128000018,,168000041,,,Open
c1e3 f7f6,True,0,8000010,32000001,128000032,,168000043,,,Open
c1e3 g7g5,True,0,8000011,32000000,128000000,,168000011,,,Open
c1e3 g7g6,True,0,8000008,32000015,128000022,,168000045,,,Open
c1e3 g8f6,True,0,8000002,32000022,128000028,,168000052,,,Open
c1e3 g8h6,True,0,8000007,32000009,128000001,,168000017,,,Open
c1e3 h7h5,True,0,8000012,32000003,128000011,,168000026,,,Open
c1e3 h7h6,True,0,8000017,32000008,128000029,,168000054,,,Open
c1f4 a7a5,False,12000036,8000010,32000016,128000042,,168000068,,,Open
c1f4 a7a6,False,36000058,8000037,32000008,128000001,,168000046,,,Open
c1f4 b7b5,False,12000042,8000017,32000034,128000024,,168000075,,,Open
c1f4 b7b6,False,20000049,8000029,32000009,128000017,,168000055,,,Open
c1f4 b8a6,True,0,8000009,32000030,128000020,,168000059,,,Open
c1f4 b8c6,True,0,8000022,32000004,128000010,,168000036,,,Open
c1f4 b8d7,True,0,8000036,32000013,128000015,,168000064,,,Open
c1f4 c7c5,True,0,8000007,32000005,128000020,,168000032,,,Open
c1f4 c7c6,True,0,8000003,32000016,61359395,,101359414,,,Open
c1f4 c8d7,True,0,8000010,32000005,128000013,,168000028,,,Open
c1f4 c8e6,True,0,8000002,32000010,128000008,,168000020,,,Open
c1f4 c8f5,True,0,8000005,32000005,128000008,,168000018,,,Open
c1f4 c8g4,True,0,8000035,32000006,128000019,,168000060,,,Open
c1f4 c8h3,True,0,8000000,32000023,128000013,,168000036,,,Open
c1f4 d8d6,True,0,8000007,32000016,128000012,,168000035,,,Open
c1f4 d8d7,True,0,8000000,32000016,128000000,,168000016,,,Open
c1f4 e7e5,True,0,8000017,32000008,128000017,,168000042,,,Open
c1f4 e7e6,True,0,8000020,32000017,128000013,,168000050,,,Open
c1f4 e8d7,True,0,1,,,,1,R1,win,Won
c1f4 f7f5,True,0,8000000,32000013,128000026,,168000039,,,Open
c1f4 f7f6,True,0,8000020,32000019,128000005,,168000044,,,Open
c1f4 g7g5,True,0,8000027,32000012,128000021,,168000060,,,Open
c1f4 g7g6,True,0,8000032,32000016,128000021,,168000069,,,Open
c1f4 g8f6,True,0,8000018,32000002,128000014,,168000034,,,Open
c1f4 g8h6,True,0,8000002,32000005,128000016,,168000023,,,Open
c1f4 h7h5,True,0,8000024,32000003,128000013,,168000040,,,Open
c1f4 h7h6,True,0,8000019,32000019,128000034,,168000072,,,Open
c1g5 f7f6,False,100000165,8000019,32000014,128000000,,168000033,,,Open
c1g5 g8f6,False,92000156,8000011,32000007,128000014,,168000032,,,Open
c1h6 a7a5,False,4000021,8000012,32000006,128000009,,168000027,,,Open
c1h6 a7a6,False,4000010,8000002,32000021,128000008,,168000031,,,Open
c1h6 b7b5,False,12000015,8000006,32000000,128000018,,168000024,,,Open
c1h6 b7b6,False,4000016,8000017,32000018,128000010,,168000045,,,Open
c1h6 b8a6,True,0,8000028,32000001,128000013,,168000042,,,Open
c1h6 b8c6,True,0,8000026,32000000,128000000,,168000026,,,Open
c1h6 b8d7,True,0,8000011,32000025,128000019,,168000055,,,Open
c1h6 c7c5,True,0,8000012,32000021,128000018,,168000051,,,Open
c1h6 c7c6,True,0,8000018,32000021,128000007,,168000046,,,Open
c1h6 c8d7,True,0,8000004,32000015,128000022,,168000041,,,Open
c1h6 c8e6,True,0,8000014,32000003,128000004,,168000021,,,Open
c1h6 c8f5,True,0,8000004,32000025,128000012,,168000041,,,Open
c1h6 c8g4,True,0,8000011,32000015,128000010,,168000036,,,Open
c1h6 c8h3,True,0,8000008,32000009,128000025,,168000042,,,Open
c1h6 d8d6,True,0,8000030,32000009,128000027,,168000066,,,Open
c1h6 d8d7,True,0,8000002,32000009,128000003,,168000014,,,Open
c1h6 e7e5,True,0,8000026,32000014,128000023,,168000063,,,Open
c1h6 e7e6,True,0,8000003,32000023,128000027,,168000053,,,Open
c1h6 e8d7,True,0,8000000,32000013,128000016,,168000029,,,Open
c1h6 f7f5,True,0,8000018,32000039,128000009,,168000066,,,Open
c1h6 f7f6,True,0,8000019,32000018,128000023,,168000060,,,Open
c1h6 g7g5,True,0,0,,,,0,R1,win,Won
c1h6 g7g6,True,0,1,,,,1,R1,win,Won
c1h6 g7h6,True,0,8000018,32000005,128000008,,168000031,,,Open
c1h6 g8f6,True,0,8000027,32000027,128000009,,168000063,,,Open
c1h6 g8h6,True,0,8000010,32000000,128000000,,168000010,,,Open
c2c3 a7a5,False,44000076,8000023,32000035,128000016,,168000074,,,Open
c2c3 a7a6,False,44000101,8000011,32000003,128000019,,168000033,,,Open
c2c3 b7b5,False,68000104,8000004,32000020,128000008,,168000032,,,Open
c2c3 b7b6,False,28000059,8000003,32000034,128000017,,168000054,,,Open
c2c3 b8a6,True,0,8000011,32000022,128000020,,168000053,,,Open
c2c3 b8c6,True,0,8000008,32000020,128000004,,168000032,,,Open
c2c3 b8d7,True,0,8000020,32000010,128000010,,168000040,,,Open
c2c3 c7c5,True,0,8000014,32000009,128000018,,168000041,,,Open
c2c3 c7c6,True,0,8000016,32000010,128000000,,168000026,,,Open
c2c3 c8d7,True,0,8000027,32000032,128000021,,168000080,,,Open
c2c3 c8e6,True,0,8000010,32000020,128000031,,168000061,,,Open
c2c3 c8f5,True,0,8000000,32000017,128000022,,168000039,,,Open
c2c3 c8g4,True,0,8000033,32000024,128000001,,168000058,,,Open
c2c3 c8h3,True,0,8000022,32000023,128000013,,168000058,,,Open
c2c3 d8d6,True,0,8000021,32000008,128000016,,168000045,,,Open
c2c3 d8d7,True,0,8000013,32000030,128000015,,168000058,,,Open
c2c3 e7e5,True,0,8000024,32000009,128000016,,168000049,,,Open
c2c3 e7e6,True,0,8000005,32000019,128000021,,168000045,,,Open
c2c3 e8d7,True,0,110732,,,,110732,R1,win,Won
c2c3 f7f5,True,0,8000009,32000007,128000011,,168000027,,,Open
c2c3 f7f6,True,0,8000001,32000000,128000016,,168000017,,,Open
c2c3 g7g5,True,0,8000018,32000005,128000003,,168000026,,,Open
c2c3 g7g6,True,0,8000006,32000000,128000006,,168000012,,,Open
c2c3 g8f6,True,0,8000015,32000020,128000007,,168000042,,,Open
c2c3 g8h6,True,0,8000000,32000019,128000007,,168000026,,,Open
c2c3 h7h5,True,0,8000014,32000019,128000019,,168000052,,,Open
c2c3 h7h6,True,0,8000002,32000016,128000001,,168000019,,,Open
c2c4 a7a5,False,420000816,8000004,32000005,128000009,,168000018,,,Open
c2c4 a7a6,False,468000780,8000017,32000004,128000001,,168000022,,,Open
c2c4 b7b5,True,0,8000009,32000007,128000024,,168000040,,,Open
c2c4 b7b6,False,476000771,8000013,32000026,128000002,,168000041,,,Open
c2c4 b8a6,True,0,8000008,32000025,128000026,,168000059,,,Open
c2c4 b8c6,True,0,8000025,32000015,128000003,,168000043,,,Open
c2c4 b8d7,True,0,8000000,32000003,128000021,,168000024,,,Open
c2c4 c7c5,True,0,8000007,32000028,128000015,,168000050,,,Open
c2c4 c7c6,True,0,8000002,32000000,128000011,,168000013,,,Open
c2c4 c8d7,True,0,8000019,32000016,128000008,,168000043,,,Open
c2c4 c8e6,True,0,8000016,32000025,128000006,,168000047,,,Open
c2c4 c8f5,True,0,8000034,32000016,128000001,,168000051,,,Open
c2c4 c8g4,True,0,8000011,32000017,128000004,,168000032,,,Open
c2c4 c8h3,True,0,8000009,32000006,128000001,,168000016,,,Open
c2c4 d5c4,False,444000834,8000029,32000010,128000013,,168000052,,,Open
c2c4 d8d6,True,0,8000012,32000032,128000006,,168000050,,,Open
c2c4 d8d7,True,0,8000002,32000011,128000028,,168000041,,,Open
c2c4 e7e5,True,0,8000024,32000000,128000000,,168000024,,,Open
c2c4 e7e6,True,0,8000001,32000015,128000021,,168000037,,,Open
c2c4 e8d7,True,0,367999,,,,367999,R1,win,Won
c2c4 f7f5,True,0,8000003,32000018,128000012,,168000033,,,Open
c2c4 f7f6,True,0,8000002,32000016,128000020,,168000038,,,Open
c2c4 g7g5,True,0,8000016,32000015,128000013,,168000044,,,Open
c2c4 g7g6,True,0,8000026,32000024,128000017,,168000067,,,Open
c2c4 g8f6,True,0,8000014,32000031,128000003,,168000048,,,Open
c2c4 g8h6,True,0,8000007,32000017,128000002,,168000026,,,Open
c2c4 h7h5,True,0,8000001,32000023,128000018,,168000042,,,Open
c2c4 h7h6,True,0,8000007,32000026,128000007,,168000040,,,Open
d1d2 a7a5,False,6588012016,8000007,32000013,128000010,,168000030,,,Open
d1d2 a7a6,False,6532011312,8000031,32000012,128000001,,168000044,,,Open
d1d2 b7b5,False,6580011976,8000019,32000000,128000013,,168000032,,,Open
d1d2 b7b6,False,6628012100,8000007,32000000,128000004,,168000011,,,Open
d1d2 b8a6,True,0,8000001,32000000,128000000,,168000001,,,Open
d1d2 b8c6,True,0,8000038,32000022,128000019,,168000079,,,Open
d1d2 b8d7,True,0,8000016,32000005,128000001,,168000022,,,Open
d1d2 c7c5,True,0,8000009,32000014,128000022,,168000045,,,Open
d1d2 c7c6,True,0,8000007,32000000,128000021,,168000028,,,Open
d1d2 c8d7,True,0,8000010,32000015,128000013,,168000038,,,Open
d1d2 c8e6,True,0,8000024,32000013,128000003,,168000040,,,Open
d1d2 c8f5,True,0,8000011,32000007,128000014,,168000032,,,Open
d1d2 c8g4,True,0,8000029,32000040,128000033,,168000102,,,Open
d1d2 c8h3,True,0,8000007,32000031,128000025,,168000063,,,Open
d1d2 d8d6,True,0,8000008,32000010,128000019,,168000037,,,Open
d1d2 d8d7,True,0,8000020,32000012,128000010,,168000042,,,Open
d1d2 e7e5,True,0,8000031,32000009,128000019,,168000059,,,Open
d1d2 e7e6,True,0,8000024,32000005,128000027,,168000056,,,Open
d1d2 e8d7,True,0,13032,,,,13032,R1,win,Won
d1d2 f7f5,True,0,49761,,,,49761,R1,win,Won
d1d2 f7f6,True,0,8000005,32000013,128000026,,168000044,,,Open
d1d2 g7g5,True,0,8000001,32000014,128000016,,168000031,,,Open
d1d2 g7g6,True,0,8000017,32000004,128000013,,168000034,,,Open
d1d2 g8f6,True,0,8000002,32000006,128000013,,168000021,,,Open
d1d2 g8h6,True,0,8000000,32000022,128000021,,168000043,,,Open
d1d2 h7h5,True,0,19127,,,,19127,R1,win,Won
d1d2 h7h6,True,0,8000006,32000007,128000019,,168000032,,,Open
d1d3 a7a5,False,10516018749,8000006,32000011,128000023,,168000040,,,Open
d1d3 a7a6,False,10460018964,8000026,32000007,128000027,,168000060,,,Open
d1d3 b7b5,False,10484019719,8000002,32000030,128000019,,168000051,,,Open
d1d3 b7b6,False,10452018631,8000019,32000004,128000006,,168000029,,,Open
d1d3 b8a6,True,0,8000030,32000014,128000008,,168000052,,,Open
d1d3 b8c6,True,0,8000001,32000032,128000022,,168000055,,,Open
d1d3 b8d7,True,0,11633,,,,11633,R1,win,Won
d1d3 c7c5,True,0,8000024,32000020,128000014,,168000058,,,Open
d1d3 c7c6,True,0,8000028,32000002,128000038,,168000068,,,Open
d1d3 c8d7,True,0,51047,,,,51047,R1,win,Won
d1d3 c8e6,True,0,8000026,32000008,128000018,,168000052,,,Open
d1d3 c8f5,True,0,8000022,32000029,128000019,,168000070,,,Open
d1d3 c8g4,True,0,8000025,32000032,128000027,,168000084,,,Open
d1d3 c8h3,True,0,8000029,32000035,128000015,,168000079,,,Open
d1d3 d8d6,True,0,8000038,32000020,128000014,,168000072,,,Open
d1d3 d8d7,True,0,8000009,32000008,128000022,,168000039,,,Open
d1d3 e7e5,True,0,8000031,32000023,128000013,,168000067,,,Open
d1d3 e7e6,True,0,8000016,32000000,128000030,,168000046,,,Open
d1d3 e8d7,True,0,2933,,,,2933,R1,win,Won
d1d3 f7f5,True,0,8000023,32000013,128000028,,168000064,,,Open
d1d3 f7f6,True,0,8000005,32000021,128000013,,168000039,,,Open
d1d3 g7g5,True,0,8000028,32000004,128000013,,168000045,,,Open
d1d3 g7g6,True,0,8000024,32000012,128000020,,168000056,,,Open
d1d3 g8f6,True,0,8000029,32000030,128000019,,168000078,,,Open
d1d3 g8h6,True,0,8000008,32000009,128000017,,168000034,,,Open
d1d3 h7h5,True,0,8000004,32000008,128000018,,168000030,,,Open
d1d3 h7h6,True,0,8000000,32000015,128000020,,168000035,,,Open
e1d2 a7a5,False,4000011,8000027,32000003,128000021,,168000051,,,Open
e1d2 a7a6,False,4000007,8000029,32000030,128000000,,168000059,,,Open
e1d2 b7b5,True,0,8000019,32000000,128000017,,168000036,,,Open
e1d2 b7b6,False,4000000,8000010,32000031,128000020,,168000061,,,Open
e1d2 b8a6,True,0,8000010,32000007,128000019,,168000036,,,Open
e1d2 b8c6,True,0,8000015,32000006,128000003,,168000024,,,Open
e1d2 b8d7,True,0,8000027,32000025,128000027,,168000079,,,Open
e1d2 c7c5,True,0,8000034,32000020,128000004,,168000058,,,Open
e1d2 c7c6,True,0,8000019,32000004,128000013,,168000036,,,Open
e1d2 c8d7,True,0,8000020,32000017,128000008,,168000045,,,Open
e1d2 c8e6,True,0,8000007,32000006,128000022,,168000035,,,Open
e1d2 c8f5,True,0,8000013,32000024,128000002,,168000039,,,Open
e1d2 c8g4,True,0,8000015,32000033,128000011,,168000059,,,Open
e1d2 c8h3,True,0,8000009,32000034,128000010,,168000053,,,Open
e1d2 d8d6,True,0,8000027,32000021,128000015,,168000063,,,Open
e1d2 d8d7,True,0,8000004,32000019,128000006,,168000029,,,Open
e1d2 e7e5,True,0,8000025,32000017,128000016,,168000058,,,Open
e1d2 e7e6,True,0,8000018,32000003,128000018,,168000039,,,Open
e1d2 e8d7,True,0,8000016,32000027,128000003,,168000046,,,Open
e1d2 f7f5,True,0,8000003,32000000,128000019,,168000022,,,Open
e1d2 f7f6,True,0,8000011,32000018,128000010,,168000039,,,Open
e1d2 g7g5,True,0,8000018,32000014,128000024,,168000056,,,Open
e1d2 g7g6,True,0,8000026,32000017,128000001,,168000044,,,Open
e1d2 g8f6,True,0,8000017,32000017,128000017,,168000051,,,Open
e1d2 g8h6,True,0,8000002,32000005,128000017,,168000024,,,Open
e1d2 h7h5,True,0,8000026,32000004,128000002,,168000032,,,Open
e1d2 h7h6,True,0,8000021,32000004,128000000,,168000025,,,Open
e2e3 a7a5,False,8100014430,8000013,32000014,128000004,,168000031,,,Open
e2e3 a7a6,False,8156014799,8000024,32000009,128000024,,168000057,,,Open
e2e3 b7b5,False,8132014196,8000009,32000010,128000000,,168000019,,,Open
e2e3 b7b6,False,8196014031,8000005,32000020,128000003,,168000028,,,Open
e2e3 b8a6,True,0,8000032,32000017,128000026,,168000075,,,Open
e2e3 b8c6,True,0,8000026,32000012,128000010,,168000048,,,Open
e2e3 b8d7,True,0,8000000,32000016,128000009,,168000025,,,Open
e2e3 c7c5,True,0,3674,,,,3674,R1,win,Won
e2e3 c7c6,True,0,8000000,32000014,128000015,,168000029,,,Open
e2e3 c8d7,True,0,8000030,32000002,128000029,,168000061,,,Open
e2e3 c8e6,True,0,8000013,32000027,128000015,,168000055,,,Open
e2e3 c8f5,True,0,8000020,32000006,128000026,,168000052,,,Open
e2e3 c8g4,True,0,8000026,32000016,128000025,,168000067,,,Open
e2e3 c8h3,True,0,8000013,32000036,128000001,,168000050,,,Open
e2e3 d8d6,True,0,8000009,32000006,128000013,,168000028,,,Open
e2e3 d8d7,True,0,8000000,32000004,128000013,,168000017,,,Open
e2e3 e7e5,True,0,8000002,32000019,128000031,,168000052,,,Open
e2e3 e7e6,True,0,8000000,32000017,128000045,,168000062,,,Open
e2e3 e8d7,True,0,5161,,,,5161,R1,win,Won
e2e3 f7f5,True,0,8000026,32000011,128000022,,168000059,,,Open
e2e3 f7f6,True,0,8000021,32000026,128000014,,168000061,,,Open
e2e3 g7g5,True,0,2853,,,,2853,R1,win,Won
e2e3 g7g6,True,0,8000011,32000001,128000006,,168000018,,,Open
e2e3 g8f6,True,0,8000032,32000020,128000004,,168000056,,,Open
e2e3 g8h6,True,0,8000030,32000003,128000008,,168000041,,,Open
e2e3 h7h5,True,0,8000010,32000029,128000005,,168000044,,,Open
e2e3 h7h6,True,0,8000024,32000004,128000026,,168000054,,,Open
e2e4 a7a5,False,17316033663,8000004,32000013,128000024,,168000041,,,Open
e2e4 a7a6,False,17284032388,8000036,32000024,128000000,,168000060,,,Open
e2e4 b7b5,False,17164032036,8000024,32000011,128000002,,168000037,,,Open
e2e4 b7b6,False,17164032272,8000021,32000009,128000000,,168000030,,,Open
e2e4 b8a6,True,0,8000027,32000005,128000006,,168000038,,,Open
e2e4 b8c6,True,0,8000028,32000003,128000015,,168000046,,,Open
e2e4 b8d7,True,0,8000013,32000000,128000031,,168000044,,,Open
e2e4 c7c5,True,0,2538,,,,2538,R1,win,Won
e2e4 c7c6,True,0,8000014,32000019,128000017,,168000050,,,Open
e2e4 c8d7,True,0,8000014,32000025,128000006,,168000045,,,Open
e2e4 c8e6,True,0,8000023,32000002,128000003,,168000028,,,Open
e2e4 c8f5,True,0,8000010,32000003,128000007,,168000020,,,Open
e2e4 c8g4,True,0,8000023,32000010,128000013,,168000046,,,Open
e2e4 c8h3,True,0,8000039,32000022,128000012,,168000073,,,Open
e2e4 d8d6,True,0,8000028,32000006,128000033,,168000067,,,Open
e2e4 d8d7,True,0,8000026,32000020,128000022,,168000068,,,Open
e2e4 e7e5,True,0,8000020,32000008,128000000,,168000028,,,Open
e2e4 e7e6,True,0,8000032,32000018,128000032,,168000082,,,Open
e2e4 e8d7,True,0,955,,,,955,R1,win,Won
e2e4 f7f5,True,0,24810,,,,24810,R1,win,Won
e2e4 f7f6,True,0,8000019,32000023,128000005,,168000047,,,Open
e2e4 g7g5,True,0,4808,,,,4808,R1,win,Won
e2e4 g7g6,True,0,8000021,32000002,128000037,,168000060,,,Open
e2e4 g8f6,True,0,8000027,32000029,128000025,,168000081,,,Open
e2e4 g8h6,True,0,8000032,32000035,128000014,,168000081,,,Open
e2e4 h7h5,True,0,8000004,32000034,128000005,,168000043,,,Open
e2e4 h7h6,True,0,8000006,32000002,128000020,,168000028,,,Open
f2f3 a7a5,False,4000032,8000009,32000001,128000018,,168000028,,,Open
f2f3 a7a6,False,12000066,8000023,32000012,128000014,,168000049,,,Open
f2f3 b7b5,False,4000025,8000023,32000029,128000000,,168000052,,,Open
f2f3 b7b6,False,12000036,8000008,32000008,128000011,,168000027,,,Open
f2f3 b8a6,True,0,8000001,32000023,128000003,,168000027,,,Open
f2f3 b8c6,True,0,8000006,32000011,128000012,,168000029,,,Open
f2f3 b8d7,True,0,8000003,32000025,128000011,,168000039,,,Open
f2f3 c7c5,True,0,8000013,32000004,128000021,,168000038,,,Open
f2f3 c7c6,True,0,8000016,32000026,128000021,,168000063,,,Open
f2f3 c8d7,True,0,8000023,32000013,128000007,,168000043,,,Open
f2f3 c8e6,True,0,8000019,32000026,128000000,,168000045,,,Open
f2f3 c8f5,True,0,8000012,32000028,128000011,,168000051,,,Open
f2f3 c8g4,True,0,8000012,32000013,128000016,,168000041,,,Open
f2f3 c8h3,True,0,8000011,32000000,128000004,,168000015,,,Open
f2f3 d8d6,True,0,8000038,32000002,128000018,,168000058,,,Open
f2f3 d8d7,True,0,8000001,32000005,128000000,,168000006,,,Open
f2f3 e7e5,True,0,8000000,32000020,128000023,,168000043,,,Open
f2f3 e7e6,True,0,8000015,32000012,128000026,,168000053,,,Open
f2f3 e8d7,True,0,8000011,32000023,128000003,,168000037,,,Open
f2f3 f7f5,True,0,8000000,32000024,128000014,,168000038,,,Open
f2f3 f7f6,True,0,8000029,32000000,128000026,,168000055,,,Open
f2f3 g7g5,True,0,8000018,32000022,128000010,,168000050,,,Open
f2f3 g7g6,True,0,8000031,32000017,128000027,,168000075,,,Open
f2f3 g8f6,True,0,8000027,32000005,128000004,,168000036,,,Open
f2f3 g8h6,True,0,8000030,32000007,128000000,,168000037,,,Open
f2f3 h7h5,True,0,8000002,32000023,128000018,,168000043,,,Open
f2f3 h7h6,True,0,8000014,32000021,128000027,,168000062,,,Open
f2f4 a7a5,False,12000025,8000006,32000011,128000014,,168000031,,,Open
f2f4 a7a6,False,20000051,8000017,32000011,128000000,,168000028,,,Open
f2f4 b7b5,True,0,8000021,32000023,128000003,,168000047,,,Open
f2f4 b7b6,False,4000026,8000005,32000012,128000006,,168000023,,,Open
f2f4 b8a6,True,0,8000001,32000008,128000007,,168000016,,,Open
f2f4 b8c6,True,0,8000009,32000012,128000004,,168000025,,,Open
f2f4 b8d7,True,0,8000000,32000022,128000021,,168000043,,,Open
f2f4 c7c5,True,0,8000021,32000010,128000006,,168000037,,,Open
f2f4 c7c6,True,0,8000002,32000000,128000006,,168000008,,,Open
f2f4 c8d7,True,0,8000000,32000007,128000021,,168000028,,,Open
f2f4 c8e6,True,0,8000007,32000039,128000024,,168000070,,,Open
f2f4 c8f5,True,0,8000039,32000002,128000012,,168000053,,,Open
f2f4 c8g4,True,0,8000017,32000008,128000006,,168000031,,,Open
f2f4 c8h3,True,0,8000039,32000007,128000033,,168000079,,,Open
f2f4 d8d6,True,0,8000003,32000008,128000003,,168000014,,,Open
f2f4 d8d7,True,0,8000013,32000020,128000021,,168000054,,,Open
f2f4 e7e5,True,0,8000039,32000004,128000011,,168000054,,,Open
f2f4 e7e6,True,0,8000027,32000006,128000007,,168000040,,,Open
f2f4 e8d7,True,0,8000014,32000012,128000020,,168000046,,,Open
f2f4 f7f5,True,0,8000021,32000031,128000000,,168000052,,,Open
f2f4 f7f6,True,0,8000007,32000014,128000006,,168000027,,,Open
f2f4 g7g5,True,0,8000001,32000015,128000021,,168000037,,,Open
f2f4 g7g6,True,0,8000013,32000027,128000008,,168000048,,,Open
f2f4 g8f6,True,0,8000026,32000007,128000005,,168000038,,,Open
f2f4 g8h6,True,0,8000027,32000029,128000004,,168000060,,,Open
f2f4 h7h5,True,0,8000012,32000022,128000000,,168000034,,,Open
f2f4 h7h6,True,0,8000022,32000015,128000024,,168000061,,,Open
g1f3 b8a6,True,0,5435,,,,5435,R1,win,Won
g1f3 b8c6,True,0,8000010,32000029,128000023,,168000062,,,Open
g1f3 b8d7,True,0,81478,,,,81478,R1,win,Won
g1f3 c7c5,False,28000095,8000025,32000000,128000001,,168000026,,,Open
g1f3 c8d7,True,0,913,,,,913,R1,win,Won
g1f3 c8e6,True,0,8761,,,,8761,R1,win,Won
g1f3 c8f5,True,0,3529,,,,3529,R1,win,Won
g1f3 c8g4,True,0,8000019,32000023,128000000,,168000042,,,Open
g1f3 c8h3,True,0,26725,,,,26725,R1,win,Won
g1f3 d8d6,True,0,8000016,32000000,128000009,,168000025,,,Open
g1f3 d8d7,True,0,2506,,,,2506,R1,win,Won
g1f3 e7e5,False,28000050,8000033,32000000,128000010,,168000043,,,Open
g1f3 e7e6,False,36000100,8000023,32000012,128000011,,168000046,,,Open
g1f3 e8d7,True,0,127595,,,,127595,R1,win,Won
g1f3 f7f5,True,0,8000017,32000000,128000019,,168000036,,,Open
g1f3 f7f6,False,28000034,8000019,32000019,128000003,,168000041,,,Open
g1f3 g7g5,True,0,8000021,32000000,128000003,,168000024,,,Open
g1f3 g7g6,True,0,8000025,32000006,128000003,,168000034,,,Open
g1f3 g8f6,True,0,941,,,,941,R1,win,Won
g1f3 g8h6,True,0,2337,,,,2337,R1,win,Won
g1f3 h7h5,True,0,46963,,,,46963,R1,win,Won
g1f3 h7h6,True,0,2656,,,,2656,R1,win,Won
g1h3 a7a5,False,20000085,8000000,32000022,128000020,,168000042,,,Open
g1h3 a7a6,False,44000117,8000026,32000012,128000012,,168000050,,,Open
g1h3 b7b5,False,36000049,8000007,32000023,128000015,,168000045,,,Open
g1h3 b7b6,False,28000037,8000017,32000020,128000007,,168000044,,,Open
g1h3 b8a6,True,0,8000017,32000014,128000003,,168000034,,,Open
g1h3 b8c6,True,0,8000016,32000009,128000013,,168000038,,,Open
g1h3 b8d7,True,0,33692,,,,33692,R1,win,Won
g1h3 c7c5,True,0,8000002,32000020,128000022,,168000044,,,Open
g1h3 c7c6,True,0,8000019,32000011,128000007,,168000037,,,Open
g1h3 c8d7,True,0,8000013,32000011,128000008,,168000032,,,Open
g1h3 c8e6,True,0,8000020,32000020,128000007,,168000047,,,Open
g1h3 c8f5,True,0,8000015,32000011,128000021,,168000047,,,Open
g1h3 c8g4,True,0,8000031,32000007,128000022,,168000060,,,Open
g1h3 c8h3,True,0,8000004,32000006,128000007,,168000017,,,Open
g1h3 d8d6,True,0,8000010,32000002,128000000,,168000012,,,Open
g1h3 d8d7,True,0,8000017,32000020,128000009,,168000046,,,Open
g1h3 e7e5,True,0,8000032,32000002,128000000,,168000034,,,Open
g1h3 e7e6,True,0,8000025,32000009,128000020,,168000054,,,Open
g1h3 e8d7,True,0,2342724,,,,2342724,R1,win,Won
g1h3 f7f5,True,0,8000018,32000005,128000023,,168000046,,,Open
g1h3 f7f6,True,0,8000014,32000000,128000002,,168000016,,,Open
g1h3 g7g5,True,0,8000005,32000016,128000025,,168000046,,,Open
g1h3 g7g6,True,0,8000002,32000028,128000022,,168000052,,,Open
g1h3 g8f6,True,0,2550,,,,2550,R1,win,Won
g1h3 g8h6,True,0,8000009,32000022,128000009,,168000040,,,Open
g1h3 h7h5,True,0,8000017,32000019,128000011,,168000047,,,Open
g1h3 h7h6,True,0,8000004,32000012,128000017,,168000033,,,Open
g2g3 a7a5,False,12000012,8000010,32000018,128000011,,168000039,,,Open
g2g3 a7a6,False,20000043,8000015,32000004,128000018,,168000037,,,Open
g2g3 b7b5,False,12000046,8000010,32000004,128000009,,168000023,,,Open
g2g3 b7b6,False,12000000,8000011,32000037,128000029,,168000077,,,Open
g2g3 b8a6,True,0,8000020,32000027,128000024,,168000071,,,Open
g2g3 b8c6,True,0,8000005,32000008,128000016,,168000029,,,Open
g2g3 b8d7,True,0,8000033,32000002,128000006,,168000041,,,Open
g2g3 c7c5,True,0,8000024,32000016,128000000,,168000040,,,Open
g2g3 c7c6,True,0,8000003,32000008,128000007,,168000018,,,Open
g2g3 c8d7,True,0,8000023,32000001,128000011,,168000035,,,Open
g2g3 c8e6,True,0,8000018,32000028,128000004,,168000050,,,Open
g2g3 c8f5,True,0,8000000,32000008,128000018,,168000026,,,Open
g2g3 c8g4,True,0,8000008,32000029,128000012,,168000049,,,Open
g2g3 c8h3,True,0,8000015,32000008,128000032,,168000055,,,Open
g2g3 d8d6,True,0,8000016,32000019,128000014,,168000049,,,Open
g2g3 d8d7,True,0,8000005,32000012,128000003,,168000020,,,Open
g2g3 e7e5,True,0,8000012,32000006,128000015,,168000033,,,Open
g2g3 e7e6,True,0,8000039,32000020,128000016,,168000075,,,Open
g2g3 e8d7,True,0,1644525,,,,1644525,R1,win,Won
g2g3 f7f5,True,0,8000014,32000014,128000001,,168000029,,,Open
g2g3 f7f6,True,0,8000003,32000001,128000029,,168000033,,,Open
g2g3 g7g5,True,0,8000013,32000005,128000001,,168000019,,,Open
g2g3 g7g6,True,0,8000010,32000024,128000012,,168000046,,,Open
g2g3 g8f6,True,0,8000028,32000001,128000006,,168000035,,,Open
g2g3 g8h6,True,0,8000018,32000037,128000027,,168000082,,,Open
g2g3 h7h5,True,0,8000013,32000012,128000000,,168000025,,,Open
g2g3 h7h6,True,0,8000028,32000026,128000021,,168000075,,,Open
g2g4 a7a5,False,4000022,8000007,32000032,128000001,,168000040,,,Open
g2g4 a7a6,False,12000040,8000001,32000018,128000026,,168000045,,,Open
g2g4 b7b5,False,4000023,8000018,32000013,128000020,,168000051,,,Open
g2g4 b7b6,False,4000002,8000004,32000033,128000008,,168000045,,,Open
g2g4 b8a6,True,0,8000001,32000008,128000032,,168000041,,,Open
g2g4 b8c6,True,0,8000000,32000006,128000029,,168000035,,,Open
g2g4 b8d7,True,0,8000012,32000014,128000033,,168000059,,,Open
g2g4 c7c5,True,0,8000030,32000027,128000012,,168000069,,,Open
g2g4 c7c6,True,0,8000030,32000016,128000018,,168000064,,,Open
g2g4 c8d7,True,0,8000001,32000008,128000005,,168000014,,,Open
g2g4 c8e6,True,0,8000002,32000023,128000015,,168000040,,,Open
g2g4 c8f5,True,0,8000001,32000013,128000022,,168000036,,,Open
g2g4 c8g4,True,0,8000014,32000014,128000011,,168000039,,,Open
g2g4 d8d6,True,0,8000010,32000018,128000018,,168000046,,,Open
g2g4 d8d7,True,0,8000005,32000021,128000000,,168000026,,,Open
g2g4 e7e5,True,0,8000008,32000026,128000009,,168000043,,,Open
g2g4 e7e6,True,0,8000015,32000005,128000031,,168000051,,,Open
g2g4 e8d7,True,0,8000016,32000024,128000009,,168000049,,,Open
g2g4 f7f5,True,0,8000009,32000014,128000004,,168000027,,,Open
g2g4 f7f6,True,0,8000027,32000014,128000009,,168000050,,,Open
g2g4 g7g5,True,0,8000012,32000011,128000000,,168000023,,,Open
g2g4 g7g6,True,0,8000003,32000000,128000002,,168000005,,,Open
g2g4 g8f6,True,0,8000014,32000011,128000003,,168000028,,,Open
g2g4 g8h6,True,0,8000007,32000025,128000026,,168000058,,,Open
g2g4 h7h5,True,0,8000026,32000004,128000009,,168000039,,,Open
g2g4 h7h6,True,0,8000007,32000026,128000023,,168000056,,,Open
h2h3 a7a5,False,12000012,8000017,32000003,128000015,,168000035,,,Open
h2h3 a7a6,False,12000018,8000001,32000012,128000000,,168000013,,,Open
h2h3 b7b5,False,12000032,8000007,32000028,128000013,,168000048,,,Open
h2h3 b7b6,False,4000016,8000015,32000015,128000023,,168000053,,,Open
h2h3 b8a6,True,0,8000012,32000021,128000004,,168000037,,,Open
h2h3 b8c6,True,0,8000013,32000018,128000027,,168000058,,,Open
h2h3 b8d7,True,0,8000000,32000000,128000010,,168000010,,,Open
h2h3 c7c5,True,0,8000017,32000006,128000007,,168000030,,,Open
h2h3 c7c6,True,0,8000002,32000015,128000016,,168000033,,,Open
h2h3 c8d7,True,0,8000003,32000017,128000023,,168000043,,,Open
h2h3 c8e6,True,0,8000023,32000008,128000008,,168000039,,,Open
h2h3 c8f5,True,0,8000021,32000004,128000012,,168000037,,,Open
h2h3 c8g4,True,0,8000010,32000016,128000023,,168000049,,,Open
h2h3 c8h3,True,0,8000000,32000032,128000039,,168000071,,,Open
h2h3 d8d6,True,0,8000016,32000015,128000006,,168000037,,,Open
h2h3 d8d7,True,0,8000037,32000035,128000025,,168000097,,,Open
h2h3 e7e5,True,0,8000007,32000027,128000021,,168000055,,,Open
h2h3 e7e6,True,0,8000003,32000001,128000009,,168000013,,,Open
h2h3 e8d7,True,0,8000013,32000015,128000017,,168000045,,,Open
h2h3 f7f5,True,0,8000024,32000018,128000007,,168000049,,,Open
h2h3 f7f6,True,0,8000022,32000003,128000023,,168000048,,,Open
h2h3 g7g5,True,0,8000021,32000017,128000017,,168000055,,,Open
h2h3 g7g6,True,0,8000021,32000000,128000031,,168000052,,,Open
h2h3 g8f6,True,0,8000027,32000015,128000005,,168000047,,,Open
h2h3 g8h6,True,0,8000024,32000004,128000016,,168000044,,,Open
h2h3 h7h5,True,0,8000016,32000006,128000016,,168000038,,,Open
h2h3 h7h6,True,0,8000021,32000006,128000000,,168000027,,,Open
h2h4 a7a5,False,4000005,8000019,32000007,128000000,,168000026,,,Open
h2h4 a7a6,False,12000029,8000012,32000006,128000007,,168000025,,,Open
h2h4 b7b5,False,4000009,8000026,32000018,128000015,,168000059,,,Open
h2h4 b7b6,False,4000013,8000011,32000029,128000000,,168000040,,,Open
h2h4 b8a6,True,0,8000012,32000007,128000013,,168000032,,,Open
h2h4 b8c6,True,0,8000018,32000009,128000014,,168000041,,,Open
h2h4 b8d7,True,0,8000031,32000019,128000017,,168000067,,,Open
h2h4 c7c5,True,0,8000003,32000021,128000025,,168000049,,,Open
h2h4 c7c6,True,0,8000022,32000008,128000000,,168000030,,,Open
h2h4 c8d7,True,0,8000031,32000001,128000005,,168000037,,,Open
h2h4 c8e6,True,0,8000011,32000011,128000029,,168000051,,,Open
h2h4 c8f5,True,0,8000003,32000004,128000015,,168000022,,,Open
h2h4 c8g4,True,0,8000025,32000011,128000027,,168000063,,,Open
h2h4 c8h3,True,0,8000017,32000034,128000007,,168000058,,,Open
h2h4 d8d6,True,0,8000024,32000028,128000010,,168000062,,,Open
h2h4 d8d7,True,0,8000015,32000021,128000013,,168000049,,,Open
h2h4 e7e5,True,0,8000027,32000000,128000030,,168000057,,,Open
h2h4 e7e6,True,0,8000024,32000017,128000008,,168000049,,,Open
h2h4 e8d7,True,0,8000000,32000000,128000011,,168000011,,,Open
h2h4 f7f5,True,0,8000002,32000007,128000009,,168000018,,,Open
h2h4 f7f6,True,0,8000014,32000012,128000001,,168000027,,,Open
h2h4 g7g5,True,0,8000003,32000020,128000016,,168000039,,,Open
h2h4 g7g6,True,0,8000014,32000020,128000004,,168000038,,,Open
h2h4 g8f6,True,0,8000010,32000014,128000009,,168000033,,,Open
h2h4 g8h6,True,0,8000020,32000013,128000022,,168000055,,,Open
h2h4 h7h5,True,0,8000018,32000000,128000002,,168000020,,,Open
h2h4 h7h6,True,0,8000014,32000020,128000022,,168000056,,,Open
