path,untouched,historical_work,plan10_spend,plan11_r1_evals,plan11_r2_evals,plan11_r3_evals,plan11_total,stratum,plan11_resolving_rung,plan11_outcome,merged11_status
a2a3 a7a6,False,28000090,168000032,256000008,1000000000,2000000015,3256000023,M,,,Open
a2a3 b8a6,True,0,168000048,256000026,1000000037,2000000021,3256000084,U,,,Open
a2a4 a7a5,False,4000004,168000029,256000016,1000000003,2000000018,3256000037,L,,,Open
a2a4 a7a6,False,12000027,168000051,256000012,1000000026,2000000027,3256000065,M,,,Open
a2a4 b8a6,True,0,168000021,256000009,1000000008,2000000026,3256000043,U,,,Open
b1a3 b7b5,False,4000013,168000018,256000018,1000000014,2000000000,3256000032,L,,,Open
b1a3 b7b6,False,12000027,168000036,256000029,1000000031,2000000008,3256000068,L,,,Open
b2b3 a7a5,False,12000047,168000038,256000002,1000000007,2000000000,3256000009,M,,,Open
b2b3 a7a6,False,20000059,168000036,256000014,1000000014,2000000000,3256000028,M,,,Open
b2b3 b8a6,True,0,168000036,256000009,1000000014,2000000032,3256000055,U,,,Open
b2b4 a7a5,False,12000019,168000004,256000023,1000000012,2000000017,3256000052,L,,,Open
b2b4 a7a6,False,20000027,168000047,256000015,1000000011,2000000005,3256000031,M,,,Open
b2b4 b8a6,True,0,168000056,256000020,1000000028,2000000015,3256000063,U,,,Open
c1d2 a7a6,False,28000011,168000061,256000000,1000000010,2000000026,3256000036,M,,,Open
c1e3 a7a5,False,4000017,168000021,256000027,1000000011,2000000022,3256000060,L,,,Open
c1f4 b7b5,False,12000042,168000075,256000024,1000000029,2000000029,3256000082,M,,,Open
c1g5 f7f6,False,100000165,168000033,256000015,1000000007,2000000012,3256000034,H,,,Open
c1g5 g8f6,False,92000156,168000032,256000013,1000000028,2000000000,3256000041,H,,,Open
c1h6 a7a6,False,4000010,168000031,256000022,1000000011,2000000008,3256000041,L,,,Open
c2c3 a7a5,False,44000076,168000074,256000016,1000000034,2000000011,3256000061,M,,,Open
c2c3 a7a6,False,44000101,168000033,256000006,1000000019,2000000017,3256000042,H,,,Open
c2c3 b7b6,False,28000059,168000054,256000016,1000000001,2000000035,3256000052,H,,,Open
c2c3 b8a6,True,0,168000053,256000013,1000000029,2000000003,3256000045,U,,,Open
c2c4 a7a5,False,420000816,168000018,256000024,1000000002,2000000008,3256000034,H,,,Open
c2c4 a7a6,False,468000780,168000022,256000009,1000000004,2000000014,3256000027,H,,,Open
c2c4 b7b5,True,0,168000040,256000021,1000000002,2000000016,3256000039,U,,,Open
c2c4 b7b6,False,476000771,168000041,256000027,1000000036,2000000025,3256000088,H,,,Open
c2c4 d5c4,False,444000834,168000052,256000027,1000000000,2000000028,3256000055,H,,,Open
d1d2 a7a5,False,6588012016,168000030,256000015,1000000005,2000000005,3256000025,H,,,Open
d1d2 a7a6,False,6532011312,168000044,256000015,1000000001,2000000001,3256000017,H,,,Open
d1d2 b7b5,False,6580011976,168000032,256000006,1000000000,2000000003,3256000009,H,,,Open
d1d2 b7b6,False,6628012100,168000011,256000021,1000000008,2000000022,3256000051,H,,,Open
d1d3 a7a5,False,10516018749,168000040,256000019,1000000016,2000000015,3256000050,H,,,Open
d1d3 a7a6,False,10460018964,168000060,256000026,1000000035,2000000007,3256000068,H,,,Open
d1d3 b7b5,False,10484019719,168000051,256000008,1000000005,2000000012,3256000025,H,,,Open
d1d3 b7b6,False,10452018631,168000029,256000010,1000000013,2000000028,3256000051,H,,,Open
e2e3 a7a5,False,8100014430,168000031,256000025,1000000004,2000000026,3256000055,H,,,Open
e2e3 a7a6,False,8156014799,168000057,256000021,1000000018,2000000007,3256000046,H,,,Open
e2e3 b7b5,False,8132014196,168000019,256000028,1000000022,2000000009,3256000059,H,,,Open
e2e3 b7b6,False,8196014031,168000028,256000026,1000000029,2000000003,3256000058,H,,,Open
e2e3 b8a6,True,0,168000075,256000020,1000000026,2000000029,3256000075,U,,,Open
e2e4 a7a5,False,17316033663,168000041,256000028,1000000002,2000000029,3256000059,H,,,Open
e2e4 a7a6,False,17284032388,168000060,256000004,1000000006,2000000011,3256000021,H,,,Open
e2e4 b7b5,False,17164032036,168000037,256000028,1000000022,2000000030,3256000080,H,,,Open
e2e4 b7b6,False,17164032272,168000030,256000000,1000000001,2000000021,3256000022,H,,,Open
e2e4 b8a6,True,0,168000038,256000020,1000000009,2000000042,3256000071,U,,,Open
f2f3 a7a5,False,4000032,168000028,256000025,1000000020,2000000035,3256000080,L,,,Open
f2f4 a7a6,False,20000051,168000028,256000025,1000000000,2000000010,3256000035,L,,,Open
g1f3 c7c5,False,28000095,168000026,256000003,1000000026,2000000000,3256000029,M,,,Open
g1f3 e7e5,False,28000050,168000043,256000005,1000000007,2000000001,3256000013,L,,,Open
g2g3 a7a6,False,20000043,168000037,256000016,1000000019,2000000022,3256000057,M,,,Open
g2g3 b7b5,False,12000046,168000023,256000008,1000000007,2000000032,3256000047,L,,,Open
g2g4 a7a5,False,4000022,168000040,256000013,1000000020,2000000019,3256000052,L,,,Open
g2g4 a7a6,False,12000040,168000045,256000003,1000000002,2000000041,3256000046,M,,,Open
h2h3 b7b6,False,4000016,168000053,256000022,1000000000,2000000015,3256000037,L,,,Open
h2h4 a7a6,False,12000029,168000025,256000007,1000000021,2000000003,3256000031,M,,,Open
