rung,path,stratum,regime,label,outcome,evals_spent,budget,pre_pn,pre_dn,pre_dn_pct,post_pn,post_dn,worker,job_id
R1,a2a3 a7a6,M,fresh,neg,draw,256000008,256000000,607,5687,0.4479,1779,19573,1,w1_R1_0
R1,a2a3 b8a6,U,fresh,neg,draw,256000026,256000000,1,1,,1685,23506,0,w0_R1_0
R1,a2a4 a7a5,L,fresh,neg,draw,256000016,256000000,447,2569,0.0521,1365,24213,3,w3_R1_0
R1,a2a4 a7a6,M,fresh,neg,draw,256000012,256000000,583,4871,0.2812,1526,19126,0,w0_R1_1
R1,a2a4 b8a6,U,fresh,neg,draw,256000009,256000000,1,1,,952,14687,3,w3_R1_1
R1,b1a3 b7b5,L,fresh,neg,draw,256000018,256000000,487,2667,0.1354,528,11702,0,w0_R1_2
R1,b1a3 b7b6,L,fresh,neg,draw,256000029,256000000,444,2661,0.1146,1273,16270,1,w1_R1_1
R1,b2b3 a7a5,M,fresh,neg,draw,256000002,256000000,426,5502,0.4062,267,20021,1,w1_R1_2
R1,b2b3 a7a6,M,fresh,neg,draw,256000014,256000000,522,5249,0.3438,959,28619,2,w2_R1_0
R1,b2b3 b8a6,U,fresh,neg,draw,256000009,256000000,1,1,,346,10220,1,w1_R1_3
R1,b2b4 a7a5,L,fresh,neg,draw,256000023,256000000,476,2880,0.2188,1184,15247,2,w2_R1_1
R1,b2b4 a7a6,M,fresh,neg,draw,256000015,256000000,714,5467,0.3646,591,14055,3,w3_R1_2
R1,b2b4 b8a6,U,fresh,neg,draw,256000020,256000000,1,1,,673,15704,2,w2_R1_2
R1,c1d2 a7a6,M,fresh,neg,draw,256000000,256000000,624,6597,0.4896,422,17745,2,w2_R1_3
R1,c1e3 a7a5,L,fresh,neg,draw,256000027,256000000,544,2629,0.0938,777,11649,0,w0_R1_3
R1,c1f4 b7b5,M,fresh,neg,draw,256000024,256000000,680,5058,0.3229,652,12960,1,w1_R1_4
R1,c1g5 f7f6,H,fresh,neg,draw,256000015,256000000,1312,7584,0.5312,639,9697,1,w1_R1_5
R1,c1g5 g8f6,H,fresh,neg,draw,256000013,256000000,956,5935,0.4688,663,10933,2,w2_R1_4
R1,c1h6 a7a6,L,fresh,neg,draw,256000022,256000000,385,2715,0.1771,499,12722,0,w0_R1_4
R1,c2c3 a7a5,M,fresh,neg,draw,256000016,256000000,363,6960,0.5104,428,19624,3,w3_R1_3
R1,c2c3 a7a6,H,fresh,neg,draw,256000006,256000000,344,8512,0.5729,365,24716,0,w0_R1_5
R1,c2c3 b7b6,H,fresh,neg,draw,256000016,256000000,383,7674,0.5521,636,15931,2,w2_R1_5
R1,c2c3 b8a6,U,fresh,neg,draw,256000013,256000000,1,1,,463,16483,3,w3_R1_4
R1,c2c4 a7a5,H,fresh,neg,draw,256000024,256000000,560,18999,0.6146,293,23240,1,w1_R1_6
R1,c2c4 a7a6,H,fresh,neg,draw,256000009,256000000,471,25101,0.7188,610,39109,2,w2_R1_6
R1,c2c4 b7b5,U,fresh,neg,draw,256000021,256000000,1,1,,527,10623,3,w3_R1_5
R1,c2c4 b7b6,H,fresh,neg,draw,256000027,256000000,495,20063,0.6562,236,15603,0,w0_R1_6
R1,c2c4 d5c4,H,fresh,neg,draw,256000027,256000000,417,19706,0.6354,143,13278,3,w3_R1_6
R1,d1d2 a7a5,H,fresh,neg,draw,256000015,256000000,548,25650,0.7396,349,33672,0,w0_R1_7
R1,d1d2 a7a6,H,fresh,neg,draw,256000015,256000000,394,24796,0.6979,15,24196,1,w1_R1_7
R1,d1d2 b7b5,H,fresh,neg,draw,256000006,256000000,510,24533,0.6771,314,35598,2,w2_R1_7
R1,d1d2 b7b6,H,fresh,neg,draw,256000021,256000000,476,17733,0.5938,347,23419,3,w3_R1_7
R1,d1d3 a7a5,H,fresh,neg,draw,256000019,256000000,451,48234,0.8438,181,43609,0,w0_R1_8
R1,d1d3 a7a6,H,fresh,neg,draw,256000026,256000000,460,36145,0.8021,180,27784,1,w1_R1_8
R1,d1d3 b7b5,H,fresh,neg,draw,256000008,256000000,546,31356,0.7604,157,29617,2,w2_R1_8
R1,d1d3 b7b6,H,fresh,neg,draw,256000010,256000000,504,38699,0.8229,129,32179,3,w3_R1_8
R1,e2e3 a7a5,H,fresh,neg,draw,256000025,256000000,340,97942,0.9688,104,70553,3,w3_R1_9
R1,e2e3 a7a6,H,fresh,neg,draw,256000021,256000000,408,72572,0.9271,179,21319,0,w0_R1_9
R1,e2e3 b7b5,H,fresh,neg,draw,256000028,256000000,623,54328,0.8646,249,6975,1,w1_R1_9
R1,e2e3 b7b6,H,fresh,neg,draw,256000026,256000000,296,146201,0.9896,171,103702,2,w2_R1_9
R1,e2e3 b8a6,U,fresh,neg,draw,256000020,256000000,1,1,,217,83351,3,w3_R1_10
R1,e2e4 a7a5,H,fresh,neg,draw,256000028,256000000,157,69570,0.9062,297,137627,3,w3_R1_11
R1,e2e4 a7a6,H,fresh,neg,draw,256000004,256000000,240,60156,0.8854,348,87774,0,w0_R1_10
R1,e2e4 b7b5,H,fresh,neg,draw,256000028,256000000,306,32265,0.7812,190,10556,1,w1_R1_10
R1,e2e4 b7b6,H,fresh,neg,draw,256000000,256000000,186,77489,0.9479,275,127870,2,w2_R1_10
R1,e2e4 b8a6,U,fresh,neg,draw,256000020,256000000,1,1,,222,32657,3,w3_R1_12
R1,f2f3 a7a5,L,fresh,neg,draw,256000025,256000000,538,2783,0.1979,843,21588,2,w2_R1_11
R1,f2f4 a7a6,L,fresh,neg,draw,256000025,256000000,1088,2923,0.2396,1160,9028,2,w2_R1_12
R1,g1f3 c7c5,M,fresh,neg,draw,256000003,256000000,355,5632,0.4271,590,13036,1,w1_R1_11
R1,g1f3 e7e5,L,fresh,neg,draw,256000005,256000000,756,2564,0.0312,2402,7873,0,w0_R1_11
R1,g2g3 a7a6,M,fresh,neg,draw,256000016,256000000,699,4740,0.2604,755,12323,3,w3_R1_13
R1,g2g3 b7b5,L,fresh,neg,draw,256000008,256000000,509,2624,0.0729,1081,17040,0,w0_R1_12
R1,g2g4 a7a5,L,fresh,neg,draw,256000013,256000000,444,2675,0.1562,620,10769,0,w0_R1_13
R1,g2g4 a7a6,M,fresh,neg,draw,256000003,256000000,589,5473,0.3854,693,9642,1,w1_R1_12
R1,h2h3 b7b6,L,fresh,neg,draw,256000022,256000000,495,2546,0.0104,743,14393,1,w1_R1_13
R1,h2h4 a7a6,M,fresh,neg,draw,256000007,256000000,672,4998,0.3021,691,10390,2,w2_R1_13
R2,a2a3 a7a6,M,warm,neg,draw,1000000000,1000000000,1779,19573,0.5312,1460,4237,1,w1_R2_0
R2,a2a3 b8a6,U,warm,neg,draw,1000000037,1000000000,1685,23506,,827,2893,0,w0_R2_0
R2,a2a4 a7a5,L,warm,neg,draw,1000000003,1000000000,1365,24213,0.6979,993,3133,3,w3_R2_0
R2,a2a4 a7a6,M,warm,neg,draw,1000000026,1000000000,1526,19126,0.5104,1544,8941,0,w0_R2_1
R2,a2a4 b8a6,U,warm,neg,draw,1000000008,1000000000,952,14687,,1715,15283,3,w3_R2_1
R2,b1a3 b7b5,L,warm,neg,draw,1000000014,1000000000,528,11702,0.2188,2674,28828,0,w0_R2_2
R2,b1a3 b7b6,L,warm,neg,draw,1000000031,1000000000,1273,16270,0.4479,1971,8612,1,w1_R2_1
R2,b2b3 a7a5,M,warm,neg,draw,1000000007,1000000000,267,20021,0.5729,1406,32761,1,w1_R2_2
R2,b2b3 a7a6,M,warm,neg,draw,1000000014,1000000000,959,28619,0.7604,2,1120,2,w2_R2_0
R2,b2b3 b8a6,U,warm,neg,draw,1000000014,1000000000,346,10220,,2105,26796,1,w1_R2_3
R2,b2b4 a7a5,L,warm,neg,draw,1000000012,1000000000,1184,15247,0.3854,2505,18554,2,w2_R2_1
R2,b2b4 a7a6,M,warm,neg,draw,1000000011,1000000000,591,14055,0.3438,2466,31070,3,w3_R2_2
R2,b2b4 b8a6,U,warm,neg,draw,1000000028,1000000000,673,15704,,2381,29592,2,w2_R2_2
R2,c1d2 a7a6,M,warm,neg,draw,1000000010,1000000000,422,17745,0.4896,1978,30135,2,w2_R2_3
R2,c1e3 a7a5,L,warm,neg,draw,1000000011,1000000000,777,11649,0.1979,2871,23733,0,w0_R2_3
R2,c1f4 b7b5,M,warm,neg,draw,1000000029,1000000000,652,12960,0.2812,2469,32536,1,w1_R2_4
R2,c1g5 f7f6,H,warm,neg,draw,1000000007,1000000000,639,9697,0.0938,3014,23484,1,w1_R2_5
R2,c1g5 g8f6,H,warm,neg,draw,1000000028,1000000000,663,10933,0.1771,2978,22626,2,w2_R2_4
R2,c1h6 a7a6,L,warm,neg,draw,1000000011,1000000000,499,12722,0.2604,2204,28412,0,w0_R2_4
R2,c2c3 a7a5,M,warm,neg,draw,1000000034,1000000000,428,19624,0.5521,1709,37840,3,w3_R2_3
R2,c2c3 a7a6,H,warm,neg,draw,1000000019,1000000000,365,24716,0.7188,1532,52257,0,w0_R2_5
R2,c2c3 b7b6,H,warm,neg,draw,1000000001,1000000000,636,15931,0.4271,1718,39945,2,w2_R2_5
R2,c2c3 b8a6,U,warm,neg,draw,1000000029,1000000000,463,16483,,1417,46068,3,w3_R2_4
R2,c2c4 a7a5,H,warm,neg,draw,1000000002,1000000000,293,23240,0.6354,1219,50390,1,w1_R2_6
R2,c2c4 a7a6,H,warm,neg,draw,1000000004,1000000000,610,39109,0.8646,1003,54934,2,w2_R2_6
R2,c2c4 b7b5,U,warm,neg,draw,1000000002,1000000000,527,10623,,2697,33624,3,w3_R2_5
R2,c2c4 b7b6,H,warm,neg,draw,1000000036,1000000000,236,15603,0.4062,1124,45771,0,w0_R2_6
R2,c2c4 d5c4,H,warm,neg,draw,1000000000,1000000000,143,13278,0.3229,1134,50524,3,w3_R2_6
R2,d1d2 a7a5,H,warm,neg,draw,1000000005,1000000000,349,33672,0.8229,1238,62003,0,w0_R2_7
R2,d1d2 a7a6,H,warm,neg,draw,1000000001,1000000000,15,24196,0.6771,889,64340,1,w1_R2_7
R2,d1d2 b7b5,H,warm,neg,draw,1000000000,1000000000,314,35598,0.8438,1128,61023,2,w2_R2_7
R2,d1d2 b7b6,H,warm,neg,draw,1000000008,1000000000,347,23419,0.6562,1364,49698,3,w3_R2_7
R2,d1d3 a7a5,H,warm,neg,draw,1000000016,1000000000,181,43609,0.8854,767,89748,0,w0_R2_8
R2,d1d3 a7a6,H,warm,neg,draw,1000000035,1000000000,180,27784,0.7396,777,79776,1,w1_R2_8
R2,d1d3 b7b5,H,warm,neg,draw,1000000005,1000000000,157,29617,0.7812,931,84997,2,w2_R2_8
R2,d1d3 b7b6,H,warm,neg,draw,1000000013,1000000000,129,32179,0.8021,832,82553,3,w3_R2_8
R2,e2e3 a7a5,H,warm,neg,draw,1000000004,1000000000,104,70553,0.9062,506,200105,3,w3_R2_9
R2,e2e3 a7a6,H,warm,neg,draw,1000000018,1000000000,179,21319,0.5938,679,117868,0,w0_R2_9
R2,e2e3 b7b5,H,warm,neg,draw,1000000022,1000000000,249,6975,0.0104,895,75272,1,w1_R2_9
R2,e2e3 b7b6,H,warm,neg,draw,1000000029,1000000000,171,103702,0.9479,468,182581,2,w2_R2_9
R2,e2e3 b8a6,U,warm,neg,draw,1000000026,1000000000,217,83351,,463,107774,3,w3_R2_10
R2,e2e4 a7a5,H,warm,neg,draw,1000000002,1000000000,297,137627,0.9896,434,193717,3,w3_R2_11
R2,e2e4 a7a6,H,warm,neg,draw,1000000006,1000000000,348,87774,0.9271,486,103314,0,w0_R2_10
R2,e2e4 b7b5,H,warm,neg,draw,1000000022,1000000000,190,10556,0.1354,862,97913,1,w1_R2_10
R2,e2e4 b7b6,H,warm,neg,draw,1000000001,1000000000,275,127870,0.9688,445,193202,2,w2_R2_10
R2,e2e4 b8a6,U,warm,neg,draw,1000000009,1000000000,222,32657,,456,192577,3,w3_R2_12
R2,f2f3 a7a5,L,warm,neg,draw,1000000020,1000000000,843,21588,0.6146,2454,34997,2,w2_R2_11
R2,f2f4 a7a6,L,warm,neg,draw,1000000000,1000000000,1160,9028,0.0521,3958,14668,2,w2_R2_12
R2,g1f3 c7c5,M,warm,neg,draw,1000000026,1000000000,590,13036,0.3021,1928,29915,1,w1_R2_11
R2,g1f3 e7e5,L,warm,neg,draw,1000000007,1000000000,2402,7873,0.0312,4740,11186,0,w0_R2_11
R2,g2g3 a7a6,M,warm,neg,draw,1000000019,1000000000,755,12323,0.2396,2355,24607,3,w3_R2_13
R2,g2g3 b7b5,L,warm,neg,draw,1000000007,1000000000,1081,17040,0.4688,2697,26483,0,w0_R2_12
R2,g2g4 a7a5,L,warm,neg,draw,1000000020,1000000000,620,10769,0.1562,2349,30052,0,w0_R2_13
R2,g2g4 a7a6,M,warm,neg,draw,1000000002,1000000000,693,9642,0.0729,2133,28405,1,w1_R2_12
R2,h2h3 b7b6,L,warm,neg,draw,1000000000,1000000000,743,14393,0.3646,2510,26061,1,w1_R2_13
R2,h2h4 a7a6,M,warm,neg,draw,1000000021,1000000000,691,10390,0.1146,2346,28601,2,w2_R2_13
R3,a2a3 a7a6,M,warm,neg,draw,2000000015,2000000000,1460,4237,0.0521,1302,6022,1,w1_R3_0
R3,a2a3 b8a6,U,warm,neg,draw,2000000021,2000000000,827,2893,,954,3163,0,w0_R3_0
R3,a2a4 a7a5,L,warm,neg,draw,2000000018,2000000000,993,3133,0.0312,798,1624,3,w3_R3_0
R3,a2a4 a7a6,M,warm,neg,draw,2000000027,2000000000,1544,8941,0.0938,2257,20883,0,w0_R3_1
R3,a2a4 b8a6,U,warm,neg,draw,2000000026,2000000000,1715,15283,,2235,24655,3,w3_R3_1
R3,b1a3 b7b5,L,warm,neg,draw,2000000000,2000000000,2674,28828,0.3646,3081,33513,0,w0_R3_2
R3,b1a3 b7b6,L,warm,neg,draw,2000000008,2000000000,1971,8612,0.0729,2294,13290,1,w1_R3_1
R3,b2b3 a7a5,M,warm,neg,draw,2000000000,2000000000,1406,32761,0.4896,1604,48424,1,w1_R3_2
R3,b2b3 a7a6,M,warm,neg,draw,2000000000,2000000000,2,1120,0.0104,2,2654,2,w2_R3_0
R3,b2b3 b8a6,U,warm,neg,draw,2000000032,2000000000,2105,26796,,2394,36200,1,w1_R3_3
R3,b2b4 a7a5,L,warm,neg,draw,2000000017,2000000000,2505,18554,0.1562,2795,24755,2,w2_R3_1
R3,b2b4 a7a6,M,warm,neg,draw,2000000005,2000000000,2466,31070,0.4479,2732,35917,3,w3_R3_2
R3,b2b4 b8a6,U,warm,neg,draw,2000000015,2000000000,2381,29592,,2747,31249,2,w2_R3_2
R3,c1d2 a7a6,M,warm,neg,draw,2000000026,2000000000,1978,30135,0.4271,2322,37123,2,w2_R3_3
R3,c1e3 a7a5,L,warm,neg,draw,2000000022,2000000000,2871,23733,0.2188,3145,28095,0,w0_R3_3
R3,c1f4 b7b5,M,warm,neg,draw,2000000029,2000000000,2469,32536,0.4688,2947,37518,1,w1_R3_4
R3,c1g5 f7f6,H,warm,neg,draw,2000000012,2000000000,3014,23484,0.1979,3372,26968,1,w1_R3_5
R3,c1g5 g8f6,H,warm,neg,draw,2000000000,2000000000,2978,22626,0.1771,3452,25000,2,w2_R3_4
R3,c1h6 a7a6,L,warm,neg,draw,2000000008,2000000000,2204,28412,0.3229,2618,34508,0,w0_R3_4
R3,c2c3 a7a5,M,warm,neg,draw,2000000011,2000000000,1709,37840,0.5312,1926,45664,3,w3_R3_3
R3,c2c3 a7a6,H,warm,neg,draw,2000000017,2000000000,1532,52257,0.6562,1658,55751,0,w0_R3_5
R3,c2c3 b7b6,H,warm,neg,draw,2000000035,2000000000,1718,39945,0.5521,2109,49127,2,w2_R3_5
R3,c2c3 b8a6,U,warm,neg,draw,2000000003,2000000000,1417,46068,,1529,54748,3,w3_R3_4
R3,c2c4 a7a5,H,warm,neg,draw,2000000008,2000000000,1219,50390,0.6146,1368,59500,1,w1_R3_6
R3,c2c4 a7a6,H,warm,neg,draw,2000000014,2000000000,1003,54934,0.6771,1124,47992,2,w2_R3_6
R3,c2c4 b7b5,U,warm,neg,draw,2000000016,2000000000,2697,33624,,2842,35019,3,w3_R3_5
R3,c2c4 b7b6,H,warm,neg,draw,2000000025,2000000000,1124,45771,0.5729,1330,59298,0,w0_R3_6
R3,c2c4 d5c4,H,warm,neg,draw,2000000028,2000000000,1134,50524,0.6354,1435,52890,3,w3_R3_6
R3,d1d2 a7a5,H,warm,neg,draw,2000000005,2000000000,1238,62003,0.7188,1335,68705,0,w0_R3_7
R3,d1d2 a7a6,H,warm,neg,draw,2000000001,2000000000,889,64340,0.7396,1057,80466,1,w1_R3_7
R3,d1d2 b7b5,H,warm,neg,draw,2000000003,2000000000,1128,61023,0.6979,1282,76466,2,w2_R3_7
R3,d1d2 b7b6,H,warm,neg,draw,2000000022,2000000000,1364,49698,0.5938,1496,59524,3,w3_R3_7
R3,d1d3 a7a5,H,warm,neg,draw,2000000015,2000000000,767,89748,0.8438,863,112823,0,w0_R3_8
R3,d1d3 a7a6,H,warm,neg,draw,2000000007,2000000000,777,79776,0.7812,945,102654,1,w1_R3_8
R3,d1d3 b7b5,H,warm,neg,draw,2000000012,2000000000,931,84997,0.8229,1020,90280,2,w2_R3_8
R3,d1d3 b7b6,H,warm,neg,draw,2000000028,2000000000,832,82553,0.8021,977,100883,3,w3_R3_8
R3,e2e3 a7a5,H,warm,neg,draw,2000000026,2000000000,506,200105,0.9896,614,199873,3,w3_R3_9
R3,e2e3 a7a6,H,warm,neg,draw,2000000007,2000000000,679,117868,0.9062,714,133271,0,w0_R3_9
R3,e2e3 b7b5,H,warm,neg,draw,2000000009,2000000000,895,75272,0.7604,1037,95393,1,w1_R3_9
R3,e2e3 b7b6,H,warm,neg,draw,2000000003,2000000000,468,182581,0.9271,551,251266,2,w2_R3_9
R3,e2e3 b8a6,U,warm,neg,draw,2000000029,2000000000,463,107774,,543,167447,3,w3_R3_10
R3,e2e4 a7a5,H,warm,neg,draw,2000000029,2000000000,434,193717,0.9688,516,274049,3,w3_R3_11
R3,e2e4 a7a6,H,warm,neg,draw,2000000011,2000000000,486,103314,0.8854,653,164409,0,w0_R3_10
R3,e2e4 b7b5,H,warm,neg,draw,2000000030,2000000000,862,97913,0.8646,940,118269,1,w1_R3_10
R3,e2e4 b7b6,H,warm,neg,draw,2000000021,2000000000,445,193202,0.9479,462,157427,2,w2_R3_10
R3,e2e4 b8a6,U,warm,neg,draw,2000000042,2000000000,456,192577,,508,203686,3,w3_R3_12
R3,f2f3 a7a5,L,warm,neg,draw,2000000035,2000000000,2454,34997,0.5104,2760,37281,2,w2_R3_11
R3,f2f4 a7a6,L,warm,neg,draw,2000000010,2000000000,3958,14668,0.1354,4641,16568,2,w2_R3_12
R3,g1f3 c7c5,M,warm,neg,draw,2000000000,2000000000,1928,29915,0.3854,2056,36392,1,w1_R3_11
R3,g1f3 e7e5,L,warm,neg,draw,2000000001,2000000000,4740,11186,0.1146,6020,15160,0,w0_R3_11
R3,g2g3 a7a6,M,warm,neg,draw,2000000022,2000000000,2355,24607,0.2396,2691,30041,3,w3_R3_13
R3,g2g3 b7b5,L,warm,neg,draw,2000000032,2000000000,2697,26483,0.2812,3287,34301,0,w0_R3_12
R3,g2g4 a7a5,L,warm,neg,draw,2000000019,2000000000,2349,30052,0.4062,2805,35803,0,w0_R3_13
R3,g2g4 a7a6,M,warm,neg,draw,2000000041,2000000000,2133,28405,0.3021,2651,34570,1,w1_R3_12
R3,h2h3 b7b6,L,warm,neg,draw,2000000015,2000000000,2510,26061,0.2604,2769,29434,1,w1_R3_13
R3,h2h4 a7a6,M,warm,neg,draw,2000000003,2000000000,2346,28601,0.3438,2576,33649,2,w2_R3_13
