case,kind,wall_s,outcome,cap_hit,rc
m22,baseline,2.949,win,False,0
m22,baseline,2.945,win,False,0
m22,baseline,2.985,win,False,0
m22,baseline,2.964,win,False,0
m22,baseline,2.967,win,False,0
m22,baseline,2.972,win,False,0
m22,baseline,3.021,win,False,0
m22,baseline,2.955,win,False,0
m22,w_first,2.928,True,False,0
m22,w_first,2.973,True,False,0
m22,w_first,2.924,True,False,0
m22,w_first,2.958,True,False,0
m22,w_first,2.902,True,False,0
m22,w_first,2.926,True,False,0
m22,w_first,2.969,True,False,0
m22,w_first,2.967,True,False,0
rem12,baseline,15.777,win,False,0
rem12,baseline,15.74,win,False,0
rem12,baseline,15.674,win,False,0
rem12,baseline,15.638,win,False,0
rem12,baseline,15.61,win,False,0
rem12,baseline,15.735,win,False,0
rem12,baseline,15.675,win,False,0
rem12,baseline,15.694,win,False,0
rem12,w_first,15.154,True,False,0
rem12,w_first,15.167,True,False,0
rem12,w_first,15.337,True,False,0
rem12,w_first,15.163,True,False,0
rem12,w_first,15.468,True,False,0
rem12,w_first,14.976,True,False,0
rem12,w_first,15.345,True,False,0
rem12,w_first,14.952,True,False,0
shuffle_win,baseline,53.046,win,False,0
shuffle_win,baseline,52.834,win,False,0
shuffle_win,baseline,52.707,win,False,0
shuffle_win,baseline,52.864,win,False,0
shuffle_win,baseline,52.679,win,False,0
shuffle_win,baseline,52.43,win,False,0
shuffle_win,baseline,52.411,win,False,0
shuffle_win,baseline,52.591,win,False,0
shuffle_win,w_first,52.211,True,False,0
shuffle_win,w_first,51.895,True,False,0
shuffle_win,w_first,51.753,True,False,0
shuffle_win,w_first,52.071,True,False,0
shuffle_win,w_first,51.6,True,False,0
shuffle_win,w_first,51.936,True,False,0
shuffle_win,w_first,52.047,True,False,0
shuffle_win,w_first,51.951,True,False,0
